timestamp,suction_temp,discharge_temp,suction_press,discharge_press,vibration_rms,power_draw,oil_pressure,runtime_hours,ambient_temp,failure_imminent
2024-01-01T00:00:00,41.4,102.1,63.19,168.18,2.2841,317.88,58.89,1,66.18,0
2024-01-01T01:00:00,40.89,101.39,63.83,170.28,2.4922,317.73,59.37,2,62.67,0
2024-01-01T02:00:00,41.52,100.09,63.05,171.17,2.5045,311.02,59.06,3,67.41,0
2024-01-01T03:00:00,42.22,99.03,63.63,175.78,2.6182,318.35,59.45,4,67.58,0
2024-01-01T04:00:00,40.81,101.05,61.73,173.11,2.1583,323.66,59.79,5,71.06,0
2024-01-01T05:00:00,40.81,100.59,64.26,169.33,2.6481,313.63,60.84,6,73.58,0
2024-01-01T06:00:00,42.26,101.34,64.0,172.97,1.8239,325.24,59.68,7,77.41,0
2024-01-01T07:00:00,41.61,100.95,63.02,168.91,2.3425,322.44,58.41,8,79.62,0
2024-01-01T08:00:00,40.62,101.57,64.79,174.17,2.3779,316.33,61.14,9,82.02,0
2024-01-01T09:00:00,41.43,99.2,65.13,171.06,2.6583,319.29,59.16,10,84.24,0
2024-01-01T10:00:00,40.63,101.98,62.07,171.81,2.5057,327.99,59.94,11,84.1,0
2024-01-01T11:00:00,40.63,100.3,63.08,174.65,2.1486,323.67,60.45,12,84.71,0
2024-01-01T12:00:00,41.19,103.11,63.08,169.43,2.2538,320.04,60.2,13,86.31,0
2024-01-01T13:00:00,39.47,98.97,62.87,169.21,2.5497,318.81,61.09,14,85.76,0
2024-01-01T14:00:00,39.62,102.6,65.0,170.83,2.4802,320.38,60.48,15,83.2,0
2024-01-01T15:00:00,40.55,100.3,63.77,174.08,2.3552,317.44,59.14,16,82.68,0
2024-01-01T16:00:00,40.19,99.02,63.68,168.96,2.3798,309.48,62.18,17,79.95,0
2024-01-01T17:00:00,41.25,99.27,61.6,166.34,2.674,330.21,60.19,18,76.31,0
2024-01-01T18:00:00,40.27,99.52,64.76,171.1,2.3706,320.78,59.85,19,76.94,0
2024-01-01T19:00:00,39.87,100.64,62.51,173.1,2.478,321.99,60.96,20,72.49,0
2024-01-01T20:00:00,42.17,100.78,64.07,174.4,3.0425,319.71,60.25,21,73.07,0
2024-01-01T21:00:00,40.82,99.14,64.33,171.07,2.1441,316.32,60.4,22,65.49,0
2024-01-01T22:00:00,41.05,99.96,65.63,171.18,2.037,319.07,62.49,23,65.5,0
2024-01-01T23:00:00,39.86,103.21,62.43,174.31,2.6959,312.0,59.72,24,65.39,0
2024-01-02T00:00:00,40.56,102.59,60.38,168.26,2.3303,331.39,59.68,25,66.71,0
2024-01-02T01:00:00,41.09,100.65,64.22,171.22,2.4204,313.83,60.12,26,65.94,0
2024-01-02T02:00:00,40.08,100.06,66.16,172.38,2.3047,314.84,61.07,27,66.81,0
2024-01-02T03:00:00,41.3,100.18,65.49,172.9,2.435,317.8,58.49,28,66.24,0
2024-01-02T04:00:00,40.52,100.92,64.25,170.98,2.8996,326.44,58.03,29,68.26,0
2024-01-02T05:00:00,40.77,98.47,63.41,172.07,2.7005,320.07,59.41,30,72.9,0
2024-01-02T06:00:00,40.52,99.61,64.97,167.02,2.7156,313.82,58.37,31,72.95,0
2024-01-02T07:00:00,42.48,97.5,62.83,170.68,2.1459,326.27,59.58,32,76.79,0
2024-01-02T08:00:00,40.99,100.6,64.57,172.91,2.2122,323.66,60.5,33,80.75,0
2024-01-02T09:00:00,40.15,100.97,64.61,170.04,1.7902,322.69,59.11,34,80.6,0
2024-01-02T10:00:00,41.66,99.28,65.27,172.12,2.2977,323.58,58.57,35,86.07,0
2024-01-02T11:00:00,40.02,102.36,67.31,172.89,2.7392,331.97,60.07,36,86.5,0
2024-01-02T12:00:00,41.17,98.16,64.47,171.31,2.6292,330.93,60.86,37,82.64,0
2024-01-02T13:00:00,39.43,97.8,63.39,172.34,2.4446,316.57,58.31,38,83.26,0
2024-01-02T14:00:00,39.94,100.34,63.97,170.07,2.4944,328.12,60.82,39,80.23,0
2024-01-02T15:00:00,41.16,101.57,61.88,171.59,2.3278,321.92,60.82,40,80.9,0
2024-01-02T16:00:00,41.59,102.53,63.17,173.22,2.5512,322.5,60.95,41,81.15,0
2024-01-02T17:00:00,41.14,99.31,63.51,172.31,2.6915,311.54,61.22,42,76.97,0
2024-01-02T18:00:00,40.91,101.62,63.37,170.83,2.096,319.15,62.2,43,75.69,0
2024-01-02T19:00:00,40.76,99.94,64.18,172.45,2.5749,315.94,59.64,44,70.13,0
2024-01-02T20:00:00,39.82,99.74,63.01,173.43,2.7331,324.14,60.11,45,71.2,0
2024-01-02T21:00:00,40.42,101.33,65.35,167.9,2.3962,325.36,59.58,46,67.1,0
2024-01-02T22:00:00,40.63,100.98,64.0,174.32,2.6752,309.63,60.0,47,66.36,0
2024-01-02T23:00:00,41.85,97.64,63.99,171.33,3.2037,319.89,61.53,48,65.2,0
2024-01-03T00:00:00,41.27,102.21,63.61,172.85,2.4739,325.61,58.65,49,63.09,0
2024-01-03T01:00:00,39.59,102.07,64.19,174.39,2.5983,319.07,59.14,50,63.61,0
2024-01-03T02:00:00,41.26,99.06,64.99,169.26,2.3155,323.65,61.38,51,67.79,0
2024-01-03T03:00:00,40.69,100.59,62.96,170.58,2.5453,321.76,61.02,52,68.53,0
2024-01-03T04:00:00,40.46,100.74,63.21,171.42,2.6151,321.71,59.64,53,71.58,0
2024-01-03T05:00:00,41.49,100.39,63.64,170.43,2.5487,318.64,60.85,54,72.9,0
2024-01-03T06:00:00,41.82,99.17,62.38,175.47,2.2451,313.92,60.34,55,75.21,0
2024-01-03T07:00:00,41.75,98.99,63.02,170.29,2.5516,314.39,61.5,56,75.0,0
2024-01-03T08:00:00,40.33,99.96,63.43,170.89,2.8655,323.55,60.07,57,79.59,0
2024-01-03T09:00:00,40.75,101.76,65.05,172.41,2.6122,320.1,61.03,58,82.03,0
2024-01-03T10:00:00,41.27,100.82,64.32,169.6,2.7405,319.31,62.64,59,86.59,0
2024-01-03T11:00:00,41.78,99.44,64.23,171.21,2.4407,317.88,60.6,60,85.69,0
2024-01-03T12:00:00,40.62,101.16,65.02,172.63,2.6875,318.47,60.05,61,87.3,0
2024-01-03T13:00:00,40.85,95.73,63.84,171.33,2.5698,325.23,60.72,62,85.56,0
2024-01-03T14:00:00,40.11,101.72,64.47,171.81,2.2623,318.32,59.63,63,82.59,0
2024-01-03T15:00:00,40.04,97.39,63.88,170.94,2.5796,313.29,62.39,64,82.25,0
2024-01-03T16:00:00,41.65,99.46,64.32,168.97,2.2521,323.72,60.18,65,80.35,0
2024-01-03T17:00:00,42.08,98.32,63.3,172.64,2.3418,318.98,59.73,66,76.18,0
2024-01-03T18:00:00,40.94,98.06,61.07,175.51,2.5473,320.16,59.16,67,74.42,0
2024-01-03T19:00:00,41.8,101.74,63.84,172.04,2.5743,328.04,61.1,68,72.1,0
2024-01-03T20:00:00,41.29,99.3,65.71,172.45,2.2027,319.9,60.87,69,72.41,0
2024-01-03T21:00:00,40.48,100.52,65.11,173.39,2.7635,321.45,59.5,70,64.81,0
2024-01-03T22:00:00,41.29,99.93,65.16,169.46,2.643,314.11,60.58,71,68.15,0
2024-01-03T23:00:00,42.23,100.72,65.48,175.41,2.3238,318.9,58.49,72,63.94,0
2024-01-04T00:00:00,40.97,100.12,64.11,172.4,2.1156,323.05,60.18,73,62.94,0
2024-01-04T01:00:00,42.25,98.08,64.24,175.26,2.4638,312.22,60.45,74,67.11,0
2024-01-04T02:00:00,38.9,101.49,63.26,170.53,2.3885,321.0,61.71,75,67.44,0
2024-01-04T03:00:00,41.66,99.26,63.62,175.64,2.5283,320.5,59.23,76,69.81,0
2024-01-04T04:00:00,41.07,97.67,64.74,173.55,2.4092,320.21,58.72,77,71.2,0
2024-01-04T05:00:00,40.76,99.36,65.44,173.11,1.9981,325.19,59.1,78,75.5,0
2024-01-04T06:00:00,41.07,102.25,63.83,172.47,2.4029,321.67,58.66,79,75.84,0
2024-01-04T07:00:00,39.41,101.28,63.46,171.5,2.4236,327.39,61.34,80,77.35,0
2024-01-04T08:00:00,40.82,99.48,64.0,174.4,2.6584,315.03,61.55,81,80.51,0
2024-01-04T09:00:00,41.29,99.48,64.72,172.28,2.3255,320.68,60.32,82,83.94,0
2024-01-04T10:00:00,42.18,99.52,62.27,168.07,2.9197,320.42,61.22,83,82.49,0
2024-01-04T11:00:00,40.59,103.12,61.24,169.77,2.0221,314.65,60.13,84,83.68,0
2024-01-04T12:00:00,40.35,100.57,63.34,171.63,2.8278,324.78,59.9,85,84.54,0
2024-01-04T13:00:00,40.6,100.65,62.54,172.62,2.4439,331.62,59.67,86,81.5,0
2024-01-04T14:00:00,41.73,101.55,63.39,171.89,2.7149,319.91,59.69,87,83.87,0
2024-01-04T15:00:00,41.26,100.36,63.82,174.44,2.52,322.53,58.45,88,79.24,0
2024-01-04T16:00:00,40.58,99.61,63.46,168.1,2.7849,320.42,60.26,89,80.08,0
2024-01-04T17:00:00,41.41,99.71,65.74,172.29,2.4032,316.43,59.96,90,78.89,0
2024-01-04T18:00:00,41.08,99.89,64.39,168.36,2.2253,310.9,60.75,91,74.28,0
2024-01-04T19:00:00,41.77,99.94,64.36,173.52,2.8551,316.47,60.09,92,74.93,0
2024-01-04T20:00:00,40.44,101.09,64.75,171.81,2.4716,313.04,59.84,93,67.81,0
2024-01-04T21:00:00,40.74,100.08,62.63,172.84,2.5554,328.52,59.13,94,69.72,0
2024-01-04T22:00:00,40.69,101.1,65.25,170.27,2.8087,319.42,60.07,95,67.35,0
2024-01-04T23:00:00,39.83,99.88,63.91,174.56,2.242,318.27,60.74,96,62.77,0
2024-01-05T00:00:00,41.24,100.12,64.8,174.08,2.6489,324.45,58.86,97,69.07,0
2024-01-05T01:00:00,41.21,97.0,62.71,173.17,2.3525,314.39,60.09,98,65.25,0
2024-01-05T02:00:00,41.0,101.37,62.14,171.74,2.467,316.17,60.23,99,65.02,0
2024-01-05T03:00:00,40.81,100.52,64.98,173.16,2.5181,320.34,59.28,100,65.82,0
2024-01-05T04:00:00,39.87,101.5,64.45,170.59,2.1249,325.14,59.41,101,69.67,0
2024-01-05T05:00:00,40.66,95.66,62.92,173.71,2.3053,322.51,60.23,102,72.22,0
2024-01-05T06:00:00,40.73,103.13,62.96,175.3,2.8378,321.24,58.87,103,75.15,0
2024-01-05T07:00:00,40.36,99.79,65.35,174.14,2.7215,320.39,60.35,104,77.14,0
2024-01-05T08:00:00,40.87,101.66,62.57,170.54,2.4843,322.0,59.1,105,80.95,0
2024-01-05T09:00:00,41.32,98.44,65.97,172.72,2.5608,321.01,61.06,106,81.49,0
2024-01-05T10:00:00,42.51,100.92,62.92,169.41,2.4264,314.85,62.34,107,80.76,0
2024-01-05T11:00:00,41.14,98.42,64.77,173.14,2.8391,320.23,59.14,108,84.44,0
2024-01-05T12:00:00,41.21,99.06,63.61,172.9,2.4499,314.63,60.53,109,81.45,0
2024-01-05T13:00:00,40.94,102.87,64.72,168.26,2.558,320.41,59.27,110,85.19,0
2024-01-05T14:00:00,39.46,99.71,63.35,169.68,2.7865,317.6,61.04,111,82.19,0
2024-01-05T15:00:00,40.98,100.33,63.8,171.43,2.3057,332.7,58.73,112,82.32,0
2024-01-05T16:00:00,41.05,101.31,64.05,171.4,2.8897,319.8,60.48,113,81.97,0
2024-01-05T17:00:00,42.97,100.74,62.8,169.58,2.1174,312.98,59.13,114,76.17,0
2024-01-05T18:00:00,40.85,100.23,64.89,172.78,2.9074,319.33,59.79,115,76.59,0
2024-01-05T19:00:00,41.24,100.55,63.38,172.5,2.4068,322.6,58.97,116,71.76,0
2024-01-05T20:00:00,40.97,103.61,63.73,171.61,2.4393,328.37,60.82,117,72.63,0
2024-01-05T21:00:00,40.07,99.91,62.81,170.49,2.0275,317.05,59.16,118,67.38,0
2024-01-05T22:00:00,41.91,100.3,60.93,174.1,2.3863,312.09,60.55,119,65.08,0
2024-01-05T23:00:00,41.6,101.58,63.77,175.31,2.24,324.08,59.66,120,66.37,0
2024-01-06T00:00:00,41.63,101.66,66.9,171.03,2.3481,313.1,59.89,121,64.35,0
2024-01-06T01:00:00,40.27,101.78,64.94,170.78,2.4657,317.82,60.15,122,64.08,0
2024-01-06T02:00:00,42.12,100.96,63.98,172.98,2.7394,318.71,59.24,123,65.62,0
2024-01-06T03:00:00,39.88,98.29,63.68,171.28,2.5519,319.65,60.21,124,67.86,0
2024-01-06T04:00:00,41.47,102.45,64.03,171.72,2.5769,323.45,61.53,125,72.01,0
2024-01-06T05:00:00,42.75,98.28,64.66,173.48,2.2261,316.58,59.22,126,69.51,0
2024-01-06T06:00:00,40.21,100.45,62.58,168.18,2.2798,318.63,61.17,127,75.03,0
2024-01-06T07:00:00,40.55,98.87,65.34,174.64,2.9497,319.93,61.5,128,78.53,0
2024-01-06T08:00:00,41.08,99.9,64.86,172.15,2.3162,320.75,59.18,129,80.29,0
2024-01-06T09:00:00,40.6,100.49,64.86,171.18,2.9141,320.49,58.54,130,84.04,0
2024-01-06T10:00:00,39.76,100.48,64.53,171.82,2.4392,322.18,60.3,131,83.55,0
2024-01-06T11:00:00,41.05,100.63,64.02,171.92,2.5006,324.22,59.45,132,84.38,0
2024-01-06T12:00:00,40.15,102.42,64.81,168.54,2.7676,321.96,61.87,133,85.89,0
2024-01-06T13:00:00,41.38,100.68,64.71,174.99,2.818,322.27,60.03,134,84.81,0
2024-01-06T14:00:00,40.26,99.63,63.58,172.08,2.4723,312.09,59.2,135,83.07,0
2024-01-06T15:00:00,42.24,101.45,63.31,172.89,2.4029,320.25,58.85,136,82.85,0
2024-01-06T16:00:00,40.37,101.78,64.12,173.9,2.486,322.4,61.09,137,79.02,0
2024-01-06T17:00:00,40.74,98.16,65.86,169.96,2.5845,323.64,59.43,138,76.67,0
2024-01-06T18:00:00,41.65,100.9,62.51,172.95,2.7228,316.54,60.04,139,74.21,0
2024-01-06T19:00:00,40.02,101.05,62.24,171.46,2.5011,316.7,60.96,140,74.44,0
2024-01-06T20:00:00,41.18,99.55,64.2,173.69,2.6547,317.13,59.52,141,65.17,0
2024-01-06T21:00:00,42.05,102.06,64.06,167.75,2.9096,322.68,59.95,142,68.52,0
2024-01-06T22:00:00,39.71,99.77,64.21,171.8,2.5953,325.17,59.98,143,66.39,0
2024-01-06T23:00:00,41.15,100.19,64.29,170.79,2.5779,317.96,60.68,144,62.82,0
2024-01-07T00:00:00,41.21,99.74,63.73,172.86,2.1203,324.54,60.59,145,65.46,0
2024-01-07T01:00:00,41.63,100.02,65.79,172.94,1.8423,320.62,59.78,146,66.05,0
2024-01-07T02:00:00,40.01,98.36,62.08,170.58,2.5971,319.38,60.06,147,67.22,0
2024-01-07T03:00:00,39.94,97.84,63.01,170.58,2.4763,318.94,59.63,148,63.95,0
2024-01-07T04:00:00,41.42,102.39,63.88,171.78,2.3713,323.73,58.52,149,72.05,0
2024-01-07T05:00:00,41.24,98.73,62.03,170.21,2.5609,321.63,60.26,150,71.31,0
2024-01-07T06:00:00,41.2,98.51,63.79,173.68,2.4849,331.38,61.89,151,76.03,0
2024-01-07T07:00:00,41.28,96.77,65.99,171.26,2.7819,315.74,59.12,152,78.7,0
2024-01-07T08:00:00,40.46,99.04,64.03,166.19,2.5215,322.59,59.23,153,78.68,0
2024-01-07T09:00:00,41.19,98.02,64.28,171.25,2.3133,317.35,59.13,154,83.06,0
2024-01-07T10:00:00,41.23,102.46,62.49,169.92,2.7475,315.65,60.72,155,83.08,0
2024-01-07T11:00:00,40.43,101.51,63.26,168.74,2.4457,319.95,60.45,156,81.55,0
2024-01-07T12:00:00,42.49,98.97,63.55,169.53,2.6316,320.69,59.84,157,86.75,0
2024-01-07T13:00:00,41.38,103.38,63.62,172.22,2.3806,334.59,59.08,158,83.5,0
2024-01-07T14:00:00,40.05,101.47,65.54,174.66,2.3375,319.08,60.09,159,82.38,0
2024-01-07T15:00:00,41.53,99.51,64.67,172.63,2.521,314.35,58.44,160,81.47,0
2024-01-07T16:00:00,40.22,96.25,62.67,170.79,2.5032,321.37,60.14,161,80.41,0
2024-01-07T17:00:00,41.63,103.44,64.3,172.91,2.62,309.63,60.87,162,77.5,0
2024-01-07T18:00:00,41.93,97.92,64.6,171.08,2.4328,319.54,58.75,163,75.82,0
2024-01-07T19:00:00,40.34,97.53,65.37,170.61,2.0409,320.08,58.47,164,70.4,0
2024-01-07T20:00:00,41.77,101.53,65.9,169.69,2.3918,323.97,61.58,165,68.89,0
2024-01-07T21:00:00,41.33,103.66,62.78,168.5,2.6985,324.87,59.39,166,67.75,0
2024-01-07T22:00:00,41.66,102.08,63.03,171.22,2.4257,317.48,61.14,167,69.19,0
2024-01-07T23:00:00,42.52,100.85,62.49,172.32,2.4384,319.25,59.85,168,65.17,0
2024-01-08T00:00:00,40.8,100.89,63.72,171.81,2.7466,316.17,59.84,169,66.63,0
2024-01-08T01:00:00,40.4,101.28,64.56,171.17,2.322,314.36,60.44,170,65.4,0
2024-01-08T02:00:00,40.29,101.14,65.18,170.11,2.1143,321.55,59.12,171,65.61,0
2024-01-08T03:00:00,40.35,100.42,63.91,173.22,2.4598,313.63,60.13,172,67.56,0
2024-01-08T04:00:00,40.94,100.16,63.62,169.37,2.379,317.93,59.62,173,69.75,0
2024-01-08T05:00:00,41.27,99.91,64.18,173.55,2.2584,315.02,58.68,174,73.32,0
2024-01-08T06:00:00,41.22,98.87,63.0,170.0,2.4562,322.75,60.34,175,77.06,0
2024-01-08T07:00:00,41.66,99.58,66.51,170.5,2.6229,329.01,59.74,176,78.13,0
2024-01-08T08:00:00,41.01,97.46,62.07,169.07,2.4977,313.49,59.84,177,81.78,0
2024-01-08T09:00:00,42.16,99.85,64.22,171.0,2.5767,310.73,58.79,178,80.62,0
2024-01-08T10:00:00,40.79,98.52,66.43,173.95,2.9534,319.38,61.59,179,83.04,0
2024-01-08T11:00:00,43.18,98.34,64.01,173.03,2.4143,320.08,60.88,180,83.57,0
2024-01-08T12:00:00,41.5,100.27,63.77,173.96,2.5696,321.09,60.96,181,85.47,0
2024-01-08T13:00:00,40.31,102.09,63.57,173.04,2.3727,317.77,59.69,182,84.12,0
2024-01-08T14:00:00,40.14,101.38,63.78,169.79,2.2884,319.0,58.27,183,84.75,0
2024-01-08T15:00:00,41.39,97.64,65.65,171.34,2.3538,321.84,61.95,184,80.67,0
2024-01-08T16:00:00,40.82,98.52,61.35,170.44,2.3803,325.2,59.94,185,80.06,0
2024-01-08T17:00:00,41.57,101.41,65.84,174.66,2.5899,310.22,59.25,186,78.62,0
2024-01-08T18:00:00,41.38,98.53,62.29,169.61,3.0873,318.16,60.42,187,71.9,0
2024-01-08T19:00:00,40.94,99.66,63.68,173.79,2.321,321.07,61.17,188,75.59,0
2024-01-08T20:00:00,40.32,100.83,63.48,173.79,2.3958,315.41,59.98,189,69.58,0
2024-01-08T21:00:00,39.79,98.55,64.71,175.66,2.4842,328.66,61.28,190,64.89,0
2024-01-08T22:00:00,40.64,100.16,62.08,171.18,2.5989,316.82,61.08,191,66.58,0
2024-01-08T23:00:00,41.69,98.0,64.55,173.42,2.5659,319.79,58.92,192,65.39,0
2024-01-09T00:00:00,41.17,99.1,66.43,176.56,2.821,322.78,59.33,193,64.88,0
2024-01-09T01:00:00,40.0,100.48,62.36,170.76,1.8934,317.04,60.96,194,66.83,0
2024-01-09T02:00:00,41.14,97.61,64.23,168.93,1.9033,310.77,57.29,195,67.46,0
2024-01-09T03:00:00,41.31,100.66,63.21,168.24,2.376,317.86,59.85,196,68.38,0
2024-01-09T04:00:00,40.29,99.97,64.51,173.43,2.7743,325.15,58.57,197,70.68,0
2024-01-09T05:00:00,41.12,100.83,64.02,168.23,2.1086,318.32,59.52,198,72.26,0
2024-01-09T06:00:00,41.05,100.34,63.23,171.26,1.7481,315.77,59.7,199,77.66,0
2024-01-09T07:00:00,40.09,102.05,64.59,172.87,2.6428,324.63,59.64,200,75.37,0
2024-01-09T08:00:00,41.29,100.19,66.17,172.37,2.5609,318.35,59.45,201,80.21,0
2024-01-09T09:00:00,41.45,99.36,63.77,172.85,2.2274,317.45,58.9,202,82.17,0
2024-01-09T10:00:00,41.87,100.18,64.86,172.44,2.2536,320.75,62.29,203,84.88,0
2024-01-09T11:00:00,41.84,100.81,62.45,174.56,2.2576,323.85,61.87,204,83.39,0
2024-01-09T12:00:00,39.9,100.07,62.85,170.1,2.5276,331.91,58.84,205,82.38,0
2024-01-09T13:00:00,40.25,100.06,64.57,170.65,2.3434,324.14,61.58,206,84.89,0
2024-01-09T14:00:00,41.41,98.95,65.78,170.45,2.6235,325.8,59.6,207,84.08,0
2024-01-09T15:00:00,41.41,99.01,64.43,173.66,1.7863,317.47,60.13,208,84.31,0
2024-01-09T16:00:00,41.41,97.9,63.62,173.8,2.2858,314.87,59.94,209,78.09,0
2024-01-09T17:00:00,44.08,102.62,64.0,172.9,2.2185,320.31,59.34,210,79.32,0
2024-01-09T18:00:00,41.46,98.13,62.5,174.37,2.4359,320.54,60.98,211,78.55,0
2024-01-09T19:00:00,41.91,98.96,64.73,169.64,2.3655,314.61,60.13,212,71.85,0
2024-01-09T20:00:00,41.76,98.92,65.06,175.33,2.6995,319.12,59.52,213,68.06,0
2024-01-09T21:00:00,41.52,101.34,63.46,175.05,2.0352,322.0,58.7,214,67.32,0
2024-01-09T22:00:00,40.75,99.56,63.44,173.47,2.5114,321.8,59.11,215,66.36,0
2024-01-09T23:00:00,41.61,101.87,64.32,175.56,2.6396,322.52,58.36,216,66.19,0
2024-01-10T00:00:00,40.38,98.99,63.48,168.69,2.9642,321.45,60.01,217,64.11,0
2024-01-10T01:00:00,40.81,100.42,63.92,170.95,2.3796,317.46,58.8,218,67.67,0
2024-01-10T02:00:00,40.61,98.75,66.52,170.53,2.5811,317.43,59.73,219,64.67,0
2024-01-10T03:00:00,41.07,103.22,63.7,173.44,2.049,314.01,61.37,220,65.32,0
2024-01-10T04:00:00,42.85,98.22,63.57,169.9,1.902,328.92,61.2,221,71.66,0
2024-01-10T05:00:00,39.51,100.46,63.22,173.51,2.7112,320.07,59.97,222,69.0,0
2024-01-10T06:00:00,41.55,100.95,64.89,174.74,2.4986,318.88,59.91,223,74.69,0
2024-01-10T07:00:00,39.71,100.62,63.78,173.39,2.7946,315.36,61.88,224,82.26,0
2024-01-10T08:00:00,40.62,99.72,63.22,172.57,2.1566,334.68,60.52,225,79.98,0
2024-01-10T09:00:00,41.87,99.81,65.59,170.02,2.63,314.63,59.67,226,80.39,0
2024-01-10T10:00:00,41.05,100.07,65.7,170.31,2.9672,317.86,58.57,227,83.57,0
2024-01-10T11:00:00,40.14,99.78,63.28,174.5,2.6049,322.08,60.39,228,84.58,0
2024-01-10T12:00:00,40.43,101.45,61.76,173.56,2.5691,323.0,60.83,229,85.24,0
2024-01-10T13:00:00,41.54,103.32,65.21,171.92,2.5021,324.79,59.37,230,85.65,0
2024-01-10T14:00:00,40.42,99.16,63.18,171.16,2.1073,329.04,60.29,231,82.1,0
2024-01-10T15:00:00,41.17,97.95,64.95,167.95,2.8389,322.53,59.64,232,84.6,0
2024-01-10T16:00:00,41.04,99.87,61.64,169.86,2.3473,314.72,59.82,233,80.37,0
2024-01-10T17:00:00,40.48,103.87,65.07,175.82,2.6261,318.72,57.51,234,78.68,0
2024-01-10T18:00:00,42.72,98.79,62.55,169.44,2.1092,321.54,59.78,235,74.06,0
2024-01-10T19:00:00,41.51,102.46,64.88,172.38,2.2051,330.34,60.97,236,74.34,0
2024-01-10T20:00:00,39.38,102.52,64.02,174.01,2.8588,313.01,59.37,237,69.61,0
2024-01-10T21:00:00,41.15,99.17,62.86,169.49,2.4132,326.01,60.05,238,68.35,0
2024-01-10T22:00:00,40.47,100.85,63.51,172.37,2.8633,320.9,59.24,239,64.94,0
2024-01-10T23:00:00,41.68,102.44,64.82,173.88,2.4804,324.19,60.36,240,63.85,0
2024-01-11T00:00:00,40.37,99.43,64.13,172.02,2.0395,319.49,59.78,241,66.03,0
2024-01-11T01:00:00,40.91,99.69,64.7,177.74,2.723,315.79,59.06,242,64.68,0
2024-01-11T02:00:00,41.4,99.13,66.37,168.66,2.3525,323.75,61.33,243,65.06,0
2024-01-11T03:00:00,41.69,98.48,62.12,174.12,2.6747,323.27,60.93,244,66.96,0
2024-01-11T04:00:00,40.04,99.03,65.94,171.65,2.5063,324.86,59.4,245,71.05,0
2024-01-11T05:00:00,40.73,98.16,64.13,173.54,2.1142,319.93,60.5,246,71.47,0
2024-01-11T06:00:00,40.62,100.05,62.92,172.88,2.5411,317.0,60.54,247,74.82,0
2024-01-11T07:00:00,40.48,98.85,62.4,170.53,3.0491,312.21,60.64,248,77.61,0
2024-01-11T08:00:00,42.41,100.35,63.77,172.46,2.6232,324.1,58.31,249,77.12,0
2024-01-11T09:00:00,41.32,97.67,65.11,168.28,2.4856,322.12,61.01,250,79.86,0
2024-01-11T10:00:00,39.99,100.5,63.85,173.21,2.7688,315.17,59.43,251,84.16,0
2024-01-11T11:00:00,41.73,101.25,65.81,172.6,2.5527,317.31,59.64,252,83.55,0
2024-01-11T12:00:00,42.7,97.01,62.26,173.28,2.5524,317.67,62.64,253,86.59,0
2024-01-11T13:00:00,41.83,100.56,63.99,174.12,2.2271,312.59,60.3,254,86.11,0
2024-01-11T14:00:00,39.78,101.84,62.5,172.74,2.5585,315.91,59.61,255,84.74,0
2024-01-11T15:00:00,40.61,98.19,64.44,172.3,2.7589,314.33,57.79,256,84.8,0
2024-01-11T16:00:00,42.01,102.51,65.06,170.24,2.291,317.94,61.39,257,79.88,0
2024-01-11T17:00:00,40.43,100.63,63.5,170.58,2.8561,316.31,58.65,258,78.56,0
2024-01-11T18:00:00,41.36,98.94,60.87,174.37,2.4771,311.86,59.0,259,74.12,0
2024-01-11T19:00:00,41.62,99.92,64.24,174.87,2.2781,330.11,59.67,260,76.09,0
2024-01-11T20:00:00,40.26,100.84,64.52,171.52,2.7494,326.26,61.42,261,72.98,0
2024-01-11T21:00:00,40.95,100.11,64.49,172.09,2.4283,316.1,60.77,262,67.95,0
2024-01-11T22:00:00,38.41,100.81,65.48,170.19,2.6899,321.36,59.84,263,66.92,0
2024-01-11T23:00:00,40.18,98.62,62.71,174.35,2.4271,322.09,60.31,264,67.38,0
2024-01-12T00:00:00,40.8,100.25,64.82,173.33,2.485,325.96,59.4,265,64.78,0
2024-01-12T01:00:00,40.0,97.88,65.43,175.88,2.6234,315.91,60.14,266,64.36,0
2024-01-12T02:00:00,42.31,99.83,61.87,170.24,2.5727,325.46,60.07,267,67.65,0
2024-01-12T03:00:00,39.86,98.64,64.38,171.24,2.0011,317.26,60.97,268,68.05,0
2024-01-12T04:00:00,40.65,98.9,63.39,172.46,2.2197,313.32,60.97,269,70.27,0
2024-01-12T05:00:00,41.1,101.85,63.9,173.29,2.7324,323.62,60.49,270,71.16,0
2024-01-12T06:00:00,42.15,101.64,64.42,171.57,2.467,326.45,59.64,271,72.42,0
2024-01-12T07:00:00,39.85,100.91,63.42,170.25,2.3691,332.94,60.74,272,77.94,0
2024-01-12T08:00:00,41.93,98.36,63.19,173.76,2.1604,314.0,59.91,273,81.36,0
2024-01-12T09:00:00,41.01,99.53,64.04,173.44,2.2301,323.49,58.92,274,81.73,0
2024-01-12T10:00:00,40.21,101.82,62.7,170.17,1.9946,317.95,59.6,275,85.81,0
2024-01-12T11:00:00,41.37,100.21,62.7,174.71,2.4747,323.92,60.08,276,83.6,0
2024-01-12T12:00:00,41.16,103.48,64.82,174.34,2.3504,312.65,60.91,277,83.42,0
2024-01-12T13:00:00,40.52,100.59,62.62,172.27,2.2584,313.69,59.82,278,84.56,0
2024-01-12T14:00:00,41.06,100.29,64.8,172.16,2.483,316.12,58.79,279,83.54,0
2024-01-12T15:00:00,40.69,99.54,64.56,173.11,2.591,320.39,60.06,280,83.23,0
2024-01-12T16:00:00,41.09,100.2,61.93,170.28,3.0233,316.79,60.11,281,78.84,0
2024-01-12T17:00:00,41.53,99.77,63.19,172.06,2.122,323.3,60.19,282,79.64,0
2024-01-12T18:00:00,42.27,101.06,65.43,167.7,2.7898,325.13,60.92,283,77.95,0
2024-01-12T19:00:00,40.01,101.44,62.82,173.75,2.7433,323.0,61.02,284,72.35,0
2024-01-12T20:00:00,42.71,98.82,63.44,168.88,2.3052,328.09,59.41,285,71.87,0
2024-01-12T21:00:00,39.44,98.0,64.55,175.01,2.5508,322.08,59.38,286,66.34,0
2024-01-12T22:00:00,40.88,97.25,64.94,171.34,2.3856,313.92,58.96,287,67.95,0
2024-01-12T23:00:00,41.47,100.76,63.7,171.58,2.5464,326.82,60.7,288,66.91,0
2024-01-13T00:00:00,41.22,98.34,63.28,170.74,2.8773,316.97,61.45,289,66.3,0
2024-01-13T01:00:00,40.5,96.77,65.71,171.42,2.6514,324.55,59.68,290,65.32,0
2024-01-13T02:00:00,40.83,100.58,66.09,174.84,2.6272,327.87,59.76,291,61.91,0
2024-01-13T03:00:00,40.61,103.74,65.17,167.02,2.3924,322.28,61.47,292,66.97,0
2024-01-13T04:00:00,40.53,99.99,64.1,174.55,2.129,312.52,60.51,293,69.06,0
2024-01-13T05:00:00,41.68,101.26,63.03,172.68,2.4479,315.41,60.44,294,70.94,0
2024-01-13T06:00:00,41.29,100.12,63.0,169.59,2.8017,326.61,58.81,295,75.18,0
2024-01-13T07:00:00,40.45,99.85,64.63,169.85,2.1182,319.15,60.68,296,76.96,0
2024-01-13T08:00:00,41.72,101.38,64.5,175.35,2.2362,320.4,59.07,297,78.76,0
2024-01-13T09:00:00,41.25,99.56,65.68,170.11,2.5316,323.79,58.87,298,80.48,0
2024-01-13T10:00:00,41.65,100.4,64.78,169.69,2.2538,323.48,59.65,299,82.59,0
2024-01-13T11:00:00,41.5,100.48,62.2,174.27,2.3019,321.39,59.41,300,86.34,0
2024-01-13T12:00:00,40.34,99.0,65.26,172.68,2.3941,318.96,59.78,301,84.01,0
2024-01-13T13:00:00,40.55,101.49,62.8,170.12,2.1586,318.44,58.56,302,83.89,0
2024-01-13T14:00:00,41.6,99.74,63.54,172.43,2.2565,324.29,60.96,303,82.98,0
2024-01-13T15:00:00,41.49,98.87,64.3,169.95,2.6759,322.77,61.13,304,82.58,0
2024-01-13T16:00:00,40.98,100.8,66.39,174.2,2.1732,318.71,58.05,305,80.68,0
2024-01-13T17:00:00,41.09,98.65,67.73,174.12,2.1005,325.41,60.98,306,73.02,0
2024-01-13T18:00:00,42.02,100.04,64.73,173.06,2.3425,319.35,59.19,307,76.53,0
2024-01-13T19:00:00,40.53,99.99,63.78,172.72,2.683,315.74,60.86,308,74.57,0
2024-01-13T20:00:00,41.44,101.63,64.64,175.52,2.4508,316.21,59.93,309,68.42,0
2024-01-13T21:00:00,40.84,100.71,65.07,172.0,2.3839,315.11,60.03,310,66.47,0
2024-01-13T22:00:00,40.83,99.96,63.62,169.64,2.5111,318.64,59.81,311,65.66,0
2024-01-13T23:00:00,41.88,101.23,66.15,172.9,2.0636,326.17,61.21,312,64.21,0
2024-01-14T00:00:00,41.66,102.09,64.28,176.17,2.6237,315.97,58.76,313,65.34,0
2024-01-14T01:00:00,41.65,100.84,64.6,169.97,2.5959,320.94,60.61,314,62.42,0
2024-01-14T02:00:00,42.04,100.02,64.8,171.28,2.3977,316.72,61.1,315,64.66,0
2024-01-14T03:00:00,41.02,98.03,64.51,172.83,2.7515,318.7,60.72,316,70.24,0
2024-01-14T04:00:00,41.55,98.4,65.01,171.89,2.2181,312.45,62.32,317,68.61,0
2024-01-14T05:00:00,40.75,99.54,63.26,170.04,2.782,318.9,59.47,318,74.28,0
2024-01-14T06:00:00,41.26,99.09,63.33,174.24,2.5386,319.03,60.96,319,75.53,0
2024-01-14T07:00:00,40.9,99.72,62.68,176.64,2.4159,322.7,59.89,320,74.87,0
2024-01-14T08:00:00,41.08,100.08,64.53,172.39,2.495,321.12,61.23,321,80.95,0
2024-01-14T09:00:00,41.48,100.79,64.93,170.19,2.4732,314.01,59.99,322,81.89,0
2024-01-14T10:00:00,40.35,99.89,64.55,168.9,2.8051,325.42,59.61,323,82.98,0
2024-01-14T11:00:00,42.67,100.73,66.01,172.52,2.2308,321.05,61.31,324,85.03,0
2024-01-14T12:00:00,40.2,100.1,63.99,174.21,2.3094,320.99,59.51,325,85.71,0
2024-01-14T13:00:00,40.03,97.04,64.8,172.95,2.7591,319.95,58.59,326,85.72,0
2024-01-14T14:00:00,41.93,98.59,62.69,172.0,2.3511,317.41,59.48,327,85.43,0
2024-01-14T15:00:00,41.63,99.78,63.54,170.82,2.7251,321.09,60.62,328,82.68,0
2024-01-14T16:00:00,41.5,98.19,64.83,169.82,2.9249,322.38,61.39,329,77.94,0
2024-01-14T17:00:00,41.5,100.9,65.02,173.67,2.3996,311.27,60.11,330,76.88,0
2024-01-14T18:00:00,40.99,102.3,63.65,173.83,2.6703,317.31,61.32,331,79.41,0
2024-01-14T19:00:00,40.28,101.83,63.91,168.91,2.2116,318.73,58.64,332,73.5,0
2024-01-14T20:00:00,41.06,99.68,62.18,175.18,2.6887,321.28,59.56,333,73.55,0
2024-01-14T21:00:00,40.46,102.24,63.57,173.15,2.5499,325.97,59.71,334,70.02,0
2024-01-14T22:00:00,41.78,100.22,65.07,174.8,2.6183,316.14,59.89,335,66.7,0
2024-01-14T23:00:00,40.88,99.49,64.69,169.32,2.3386,317.51,60.08,336,65.79,0
2024-01-15T00:00:00,40.34,99.08,64.6,169.27,2.0847,317.44,60.69,337,64.95,0
2024-01-15T01:00:00,40.74,99.55,64.06,171.7,2.6258,315.99,59.56,338,62.73,0
2024-01-15T02:00:00,41.33,99.42,64.01,173.01,1.9841,318.26,60.14,339,66.37,0
2024-01-15T03:00:00,40.55,100.26,63.21,175.59,2.4207,323.85,59.95,340,69.74,0
2024-01-15T04:00:00,40.34,100.24,64.84,173.41,2.7353,314.73,59.07,341,69.1,0
2024-01-15T05:00:00,41.19,100.0,64.51,171.51,2.548,322.14,59.89,342,73.03,0
2024-01-15T06:00:00,41.2,100.66,64.59,169.95,2.9871,311.49,59.86,343,76.28,0
2024-01-15T07:00:00,40.59,101.79,63.37,174.46,2.7563,317.19,59.83,344,76.22,0
2024-01-15T08:00:00,40.62,101.42,61.42,170.07,2.3365,318.35,60.03,345,79.32,0
2024-01-15T09:00:00,41.19,97.77,65.32,175.26,2.5068,328.37,60.08,346,80.54,0
2024-01-15T10:00:00,39.84,96.17,63.43,171.43,2.4882,318.63,59.57,347,82.43,0
2024-01-15T11:00:00,39.87,101.4,62.96,175.18,2.1045,308.99,61.27,348,82.73,0
2024-01-15T12:00:00,40.43,97.95,64.83,173.36,2.2649,310.01,58.83,349,83.65,0
2024-01-15T13:00:00,40.83,99.66,63.53,171.73,2.3598,320.17,59.28,350,86.79,0
2024-01-15T14:00:00,41.25,98.24,65.27,170.96,1.9909,323.07,62.78,351,82.29,0
2024-01-15T15:00:00,42.18,97.3,64.74,171.32,2.5119,321.88,58.96,352,82.26,0
2024-01-15T16:00:00,41.69,100.81,64.82,172.86,2.4377,320.84,58.65,353,79.25,0
2024-01-15T17:00:00,40.87,101.14,62.36,172.15,2.0818,325.81,60.73,354,79.36,0
2024-01-15T18:00:00,40.98,99.14,65.45,170.81,2.6011,317.3,57.92,355,76.97,0
2024-01-15T19:00:00,40.2,96.11,64.31,171.67,2.679,324.47,59.76,356,73.71,0
2024-01-15T20:00:00,40.99,99.18,63.56,172.16,2.5568,311.84,62.15,357,70.46,0
2024-01-15T21:00:00,40.77,100.59,64.17,167.74,2.419,315.48,58.46,358,67.58,0
2024-01-15T22:00:00,41.26,97.78,61.87,172.92,2.6479,310.96,58.02,359,64.55,0
2024-01-15T23:00:00,40.34,100.28,64.49,170.04,2.6701,318.63,58.5,360,68.26,0
2024-01-16T00:00:00,41.42,99.98,62.76,169.69,2.5769,319.77,60.9,361,63.86,0
2024-01-16T01:00:00,42.23,100.87,62.38,168.63,2.2938,320.57,61.12,362,66.34,0
2024-01-16T02:00:00,40.91,100.18,62.17,168.41,2.5692,320.31,59.49,363,67.93,0
2024-01-16T03:00:00,41.32,98.54,65.34,169.29,2.7989,315.36,60.68,364,67.1,0
2024-01-16T04:00:00,41.55,101.79,63.24,170.58,2.3508,319.05,61.39,365,71.56,0
2024-01-16T05:00:00,40.68,99.76,65.84,175.91,3.0245,312.51,61.79,366,73.56,0
2024-01-16T06:00:00,41.18,99.96,63.36,170.95,2.3686,326.82,59.75,367,77.59,0
2024-01-16T07:00:00,41.01,98.6,61.95,172.36,2.5081,318.48,57.7,368,76.88,0
2024-01-16T08:00:00,41.08,99.34,62.66,172.8,2.3319,317.56,59.18,369,78.07,0
2024-01-16T09:00:00,40.38,98.67,65.48,172.26,2.5558,327.94,59.57,370,81.31,0
2024-01-16T10:00:00,41.02,99.74,63.81,171.85,2.0644,313.79,59.74,371,83.97,0
2024-01-16T11:00:00,41.4,102.57,63.34,169.61,2.3635,314.37,59.81,372,84.75,0
2024-01-16T12:00:00,42.16,97.94,64.19,174.9,2.227,314.52,61.12,373,84.41,0
2024-01-16T13:00:00,41.77,97.58,64.6,175.61,2.5338,319.66,61.27,374,81.8,0
2024-01-16T14:00:00,42.72,102.21,65.34,168.63,2.7486,322.16,59.83,375,84.37,0
2024-01-16T15:00:00,40.39,99.69,65.74,169.95,2.6615,323.7,61.1,376,85.03,0
2024-01-16T16:00:00,41.7,99.0,63.57,171.44,1.9071,332.86,60.36,377,80.7,0
2024-01-16T17:00:00,41.15,101.56,62.41,170.07,3.0105,308.75,60.06,378,78.5,0
2024-01-16T18:00:00,42.75,99.09,63.5,173.01,2.5738,323.04,60.91,379,75.86,0
2024-01-16T19:00:00,40.35,102.74,64.31,170.54,2.3059,317.21,60.07,380,73.01,0
2024-01-16T20:00:00,40.33,101.02,62.84,176.33,2.5393,317.07,62.06,381,71.4,0
2024-01-16T21:00:00,40.52,99.27,62.85,174.38,2.544,316.9,58.56,382,68.52,0
2024-01-16T22:00:00,39.3,103.24,64.41,172.43,2.3333,315.46,59.48,383,65.87,0
2024-01-16T23:00:00,40.58,99.09,63.94,174.05,2.5495,328.42,59.87,384,64.15,0
2024-01-17T00:00:00,40.39,101.11,64.04,174.21,2.3481,324.21,60.44,385,64.63,0
2024-01-17T01:00:00,41.12,100.45,63.09,170.87,2.3989,320.12,61.27,386,65.81,0
2024-01-17T02:00:00,41.27,101.95,63.72,170.37,2.3284,326.76,59.98,387,65.87,0
2024-01-17T03:00:00,42.5,102.34,62.89,172.16,2.1418,312.44,58.58,388,68.4,0
2024-01-17T04:00:00,41.76,100.05,65.07,173.72,2.5365,313.35,60.84,389,70.66,0
2024-01-17T05:00:00,40.54,98.87,65.24,172.28,2.6463,309.11,60.75,390,73.66,0
2024-01-17T06:00:00,40.28,100.69,61.78,168.85,2.6287,316.5,58.06,391,76.92,0
2024-01-17T07:00:00,41.39,98.98,62.88,170.39,2.705,320.81,60.0,392,77.71,0
2024-01-17T08:00:00,39.94,103.02,62.2,171.85,2.5811,320.51,58.41,393,78.04,0
2024-01-17T09:00:00,42.47,100.2,63.22,171.85,2.3668,320.75,59.34,394,81.55,0
2024-01-17T10:00:00,41.94,99.45,63.9,175.95,2.7099,312.94,59.1,395,83.73,0
2024-01-17T11:00:00,40.62,100.28,62.26,169.23,2.1606,324.02,60.81,396,81.91,0
2024-01-17T12:00:00,39.63,97.98,62.89,173.01,2.2748,321.2,60.12,397,87.08,0
2024-01-17T13:00:00,42.08,98.54,62.8,174.98,2.2589,323.67,58.71,398,84.87,0
2024-01-17T14:00:00,40.91,101.8,64.25,176.54,2.77,310.54,60.88,399,84.23,0
2024-01-17T15:00:00,41.99,99.01,64.08,171.19,2.7357,321.56,58.57,400,84.12,0
2024-01-17T16:00:00,39.72,98.43,63.13,172.98,2.6218,314.06,60.33,401,79.05,0
2024-01-17T17:00:00,40.52,100.8,64.21,173.14,2.768,318.01,59.19,402,78.45,0
2024-01-17T18:00:00,41.0,101.78,63.34,172.39,2.2802,322.67,59.63,403,74.84,0
2024-01-17T19:00:00,41.04,101.08,63.67,171.8,2.5871,320.46,60.5,404,72.14,0
2024-01-17T20:00:00,40.64,101.49,66.01,172.87,2.4687,315.74,60.52,405,68.84,0
2024-01-17T21:00:00,41.5,98.86,65.61,166.94,2.7117,320.03,61.34,406,70.43,0
2024-01-17T22:00:00,40.15,97.87,62.44,173.36,2.4712,312.34,59.92,407,65.78,0
2024-01-17T23:00:00,40.89,102.25,65.0,172.25,2.4038,325.75,60.31,408,66.39,0
2024-01-18T00:00:00,41.1,99.52,64.97,171.56,2.6352,318.97,59.56,409,62.19,0
2024-01-18T01:00:00,41.41,99.62,62.62,176.09,2.719,325.59,60.18,410,67.11,0
2024-01-18T02:00:00,41.57,101.99,64.98,170.65,2.3329,317.37,60.44,411,67.92,0
2024-01-18T03:00:00,40.1,100.83,65.85,171.19,2.4847,317.38,59.9,412,68.08,0
2024-01-18T04:00:00,39.77,100.68,62.65,175.98,2.2354,316.18,58.2,413,69.66,0
2024-01-18T05:00:00,42.02,103.25,62.9,170.34,1.8755,324.38,60.33,414,73.01,0
2024-01-18T06:00:00,41.27,99.03,65.22,170.9,2.5501,316.45,60.36,415,78.43,0
2024-01-18T07:00:00,40.4,101.39,64.33,171.71,2.6522,323.22,59.32,416,74.94,0
2024-01-18T08:00:00,42.24,100.09,64.66,173.68,2.5655,318.09,58.72,417,81.17,0
2024-01-18T09:00:00,41.09,100.4,64.41,172.42,2.0126,310.12,61.48,418,80.7,0
2024-01-18T10:00:00,41.94,102.29,64.47,169.41,2.4123,317.15,60.49,419,83.63,0
2024-01-18T11:00:00,41.05,100.76,62.41,170.94,1.9454,314.1,59.77,420,84.29,0
2024-01-18T12:00:00,42.65,100.81,65.26,170.79,2.8424,320.17,58.86,421,84.36,0
2024-01-18T13:00:00,42.4,101.61,65.4,171.85,2.2285,314.05,59.18,422,84.64,0
2024-01-18T14:00:00,40.8,99.45,63.72,172.85,2.8139,324.63,61.3,423,81.96,0
2024-01-18T15:00:00,41.78,98.74,63.95,172.84,2.7365,319.54,60.14,424,83.61,0
2024-01-18T16:00:00,41.52,98.43,62.16,168.45,2.2749,319.11,59.45,425,77.31,0
2024-01-18T17:00:00,42.09,97.05,64.62,174.13,2.2168,323.28,60.51,426,78.4,0
2024-01-18T18:00:00,40.23,103.08,64.69,172.51,2.5876,324.82,59.19,427,74.51,0
2024-01-18T19:00:00,41.55,98.35,63.93,174.77,2.2889,319.9,61.5,428,70.66,0
2024-01-18T20:00:00,41.85,99.67,65.35,172.89,2.5256,316.14,61.35,429,70.3,0
2024-01-18T21:00:00,39.59,99.58,63.6,174.2,2.3793,311.13,59.53,430,65.59,0
2024-01-18T22:00:00,40.05,100.46,64.68,172.93,2.0547,316.57,59.37,431,66.4,0
2024-01-18T23:00:00,39.37,101.22,62.78,174.69,1.9424,316.91,57.38,432,63.21,0
2024-01-19T00:00:00,40.78,101.29,63.97,173.04,2.5567,320.54,58.52,433,65.69,0
2024-01-19T01:00:00,41.57,99.13,63.79,171.8,2.3596,318.27,58.66,434,63.95,0
2024-01-19T02:00:00,42.2,99.75,64.27,176.54,2.3617,323.44,60.14,435,65.66,0
2024-01-19T03:00:00,41.06,100.42,63.56,173.78,2.674,316.94,59.67,436,68.37,0
2024-01-19T04:00:00,42.3,99.63,63.84,173.15,2.7934,319.71,58.65,437,68.84,0
2024-01-19T05:00:00,39.9,102.41,64.99,169.45,2.4319,325.92,59.72,438,72.32,0
2024-01-19T06:00:00,39.64,100.74,63.48,169.42,2.4149,321.71,60.51,439,72.73,0
2024-01-19T07:00:00,40.96,101.1,62.07,172.59,2.625,319.7,60.53,440,78.53,0
2024-01-19T08:00:00,41.31,100.99,66.1,172.29,2.1608,316.99,58.1,441,82.65,0
2024-01-19T09:00:00,40.97,101.76,65.66,170.77,2.5558,316.83,59.87,442,86.26,0
2024-01-19T10:00:00,39.35,100.27,62.45,172.28,2.638,315.75,58.62,443,83.8,0
2024-01-19T11:00:00,40.93,98.05,64.83,175.18,2.6701,317.29,60.9,444,85.84,0
2024-01-19T12:00:00,39.96,100.6,63.4,173.39,2.0158,323.78,60.78,445,82.33,0
2024-01-19T13:00:00,41.54,99.02,64.32,169.72,2.3097,318.89,59.1,446,86.91,0
2024-01-19T14:00:00,41.29,99.21,64.35,171.78,2.2804,313.25,59.23,447,84.82,0
2024-01-19T15:00:00,40.25,100.88,63.72,170.39,2.525,328.84,59.54,448,81.35,0
2024-01-19T16:00:00,40.59,101.86,63.06,171.22,2.6202,321.6,57.75,449,81.86,0
2024-01-19T17:00:00,40.15,100.03,63.17,171.17,2.8742,312.97,60.34,450,77.21,0
2024-01-19T18:00:00,40.95,100.46,62.9,171.04,2.3763,317.79,59.73,451,74.31,0
2024-01-19T19:00:00,41.76,102.55,63.0,169.49,2.3756,320.55,60.97,452,73.12,0
2024-01-19T20:00:00,40.21,100.36,63.92,171.74,2.7874,328.52,58.9,453,68.4,0
2024-01-19T21:00:00,41.4,103.9,63.14,170.88,2.5741,314.46,59.38,454,69.46,0
2024-01-19T22:00:00,40.58,100.85,64.82,166.14,2.8169,324.88,58.49,455,64.76,0
2024-01-19T23:00:00,40.37,97.36,65.78,176.11,2.5722,327.0,59.0,456,63.77,0
2024-01-20T00:00:00,40.91,101.13,63.3,174.18,2.2107,316.86,58.82,457,63.64,0
2024-01-20T01:00:00,40.17,100.57,64.29,171.25,2.1667,318.61,61.0,458,66.48,0
2024-01-20T02:00:00,40.56,101.93,64.6,172.04,2.1121,314.82,59.3,459,65.41,0
2024-01-20T03:00:00,40.04,101.01,64.57,169.66,2.6655,318.98,60.12,460,65.91,0
2024-01-20T04:00:00,42.57,99.79,64.09,175.39,2.7971,319.82,59.62,461,69.09,0
2024-01-20T05:00:00,41.03,98.16,64.89,175.79,2.9623,323.3,58.73,462,72.36,0
2024-01-20T06:00:00,40.44,99.69,64.58,172.31,2.7108,325.45,59.83,463,73.23,0
2024-01-20T07:00:00,41.17,98.72,62.51,174.05,2.7907,316.26,60.6,464,75.86,0
2024-01-20T08:00:00,40.91,99.13,65.04,172.35,2.355,310.16,58.79,465,83.17,0
2024-01-20T09:00:00,40.82,100.88,65.06,169.33,2.2109,319.89,60.81,466,80.78,0
2024-01-20T10:00:00,41.49,102.5,63.08,171.18,2.7125,321.47,59.15,467,83.18,0
2024-01-20T11:00:00,41.61,100.59,64.05,172.26,2.6044,321.25,59.52,468,84.11,0
2024-01-20T12:00:00,40.58,98.21,64.82,171.09,2.5269,318.37,60.53,469,84.37,0
2024-01-20T13:00:00,40.54,100.67,63.75,171.56,2.5968,320.62,59.34,470,85.59,0
2024-01-20T14:00:00,40.78,101.79,65.29,171.82,2.5808,327.58,60.04,471,85.08,0
2024-01-20T15:00:00,39.16,99.09,66.84,171.84,2.821,321.91,59.69,472,81.61,0
2024-01-20T16:00:00,39.79,99.8,63.06,172.1,2.8237,318.13,60.13,473,78.15,0
2024-01-20T17:00:00,42.09,100.02,62.34,169.88,2.6361,317.5,57.62,474,79.5,0
2024-01-20T18:00:00,42.32,98.82,64.36,170.57,2.7115,319.15,58.17,475,74.86,0
2024-01-20T19:00:00,40.8,100.97,64.87,169.43,2.6285,328.18,60.62,476,75.01,0
2024-01-20T20:00:00,41.46,99.82,63.72,173.96,2.3847,319.08,61.04,477,66.63,0
2024-01-20T21:00:00,41.25,100.63,65.74,167.79,2.6891,319.9,59.09,478,68.22,0
2024-01-20T22:00:00,43.46,98.67,62.39,174.31,2.1514,317.59,59.76,479,69.22,0
2024-01-20T23:00:00,41.9,99.34,64.83,174.77,2.7635,325.49,60.29,480,64.81,0
2024-01-21T00:00:00,40.9,101.08,63.27,171.4,2.2014,329.8,60.69,481,64.66,0
2024-01-21T01:00:00,40.24,99.44,66.06,166.79,2.5715,322.25,57.97,482,65.78,0
2024-01-21T02:00:00,39.71,102.59,66.39,171.28,2.2887,320.41,59.11,483,65.5,0
2024-01-21T03:00:00,41.16,99.4,63.08,171.87,2.6383,320.18,59.67,484,67.46,0
2024-01-21T04:00:00,40.39,100.34,63.34,169.98,2.4915,308.08,60.7,485,69.49,0
2024-01-21T05:00:00,39.86,101.4,65.03,170.97,2.1013,323.73,62.5,486,71.47,0
2024-01-21T06:00:00,40.48,97.87,63.54,175.06,2.6052,320.67,59.77,487,76.84,0
2024-01-21T07:00:00,40.13,97.36,63.95,173.33,2.3555,322.14,58.59,488,78.28,0
2024-01-21T08:00:00,42.35,97.71,64.03,170.15,2.7203,316.44,60.4,489,80.38,0
2024-01-21T09:00:00,41.71,101.89,61.7,168.8,2.5003,318.08,61.32,490,83.28,0
2024-01-21T10:00:00,40.99,99.17,63.98,171.35,2.5989,317.94,60.11,491,83.26,0
2024-01-21T11:00:00,42.18,103.84,63.17,171.57,2.2606,325.11,59.09,492,83.5,0
2024-01-21T12:00:00,41.06,99.15,63.41,172.99,2.3527,318.11,60.96,493,84.1,0
2024-01-21T13:00:00,40.31,100.28,65.73,170.93,2.3853,330.41,60.66,494,84.66,0
2024-01-21T14:00:00,42.22,102.31,62.49,173.02,2.7142,322.15,58.97,495,82.07,0
2024-01-21T15:00:00,41.43,103.01,64.98,175.87,2.9193,313.62,60.38,496,81.32,0
2024-01-21T16:00:00,40.17,103.09,63.67,173.63,2.2987,319.36,61.0,497,79.23,0
2024-01-21T17:00:00,40.85,101.81,63.66,171.9,2.7692,316.74,61.18,498,80.78,0
2024-01-21T18:00:00,40.3,101.54,64.95,171.63,1.9576,309.03,59.93,499,70.84,0
2024-01-21T19:00:00,39.89,100.89,64.41,171.29,2.2015,328.0,59.64,500,72.14,0
2024-01-21T20:00:00,41.74,101.17,64.68,174.36,2.2603,323.52,61.23,501,72.59,0
2024-01-21T21:00:00,42.53,99.17,65.16,170.75,2.1619,322.67,58.79,502,68.11,0
2024-01-21T22:00:00,39.88,98.77,63.6,172.09,2.1041,320.83,60.44,503,67.47,0
2024-01-21T23:00:00,41.45,99.99,63.27,172.1,2.6032,313.09,58.63,504,65.49,0
2024-01-22T00:00:00,40.48,99.74,62.7,171.0,2.4465,317.58,61.07,505,64.0,0
2024-01-22T01:00:00,40.61,99.32,63.01,169.26,2.5949,324.21,59.74,506,61.98,0
2024-01-22T02:00:00,40.53,101.04,67.54,172.65,2.6726,314.74,61.27,507,66.65,0
2024-01-22T03:00:00,40.31,101.43,65.49,171.88,2.5664,307.34,60.49,508,66.77,0
2024-01-22T04:00:00,41.04,100.13,62.38,173.0,2.6644,318.86,58.78,509,68.8,0
2024-01-22T05:00:00,40.34,102.22,62.41,170.93,2.4826,319.29,61.42,510,71.66,0
2024-01-22T06:00:00,41.22,98.29,64.58,174.44,2.2033,320.68,61.55,511,77.62,0
2024-01-22T07:00:00,40.96,99.71,64.66,170.25,2.7645,323.64,60.88,512,81.2,0
2024-01-22T08:00:00,40.81,98.92,64.66,175.42,2.3527,323.19,59.24,513,80.33,0
2024-01-22T09:00:00,40.27,97.2,63.69,168.5,2.2661,321.29,59.69,514,81.37,0
2024-01-22T10:00:00,40.54,99.88,63.85,172.87,2.4555,325.98,60.15,515,81.89,0
2024-01-22T11:00:00,41.6,99.82,64.39,172.95,2.2718,312.41,59.3,516,85.36,0
2024-01-22T12:00:00,41.4,102.27,64.1,170.41,2.3956,322.52,61.69,517,87.67,0
2024-01-22T13:00:00,40.22,100.95,61.34,172.85,2.586,323.13,60.14,518,84.29,0
2024-01-22T14:00:00,41.08,98.46,63.72,174.56,2.5871,313.8,57.3,519,80.09,0
2024-01-22T15:00:00,41.6,102.78,62.98,167.57,2.2755,312.49,60.34,520,83.08,0
2024-01-22T16:00:00,39.66,101.83,64.21,173.01,2.3781,316.27,59.65,521,81.48,0
2024-01-22T17:00:00,41.43,100.87,67.58,167.01,2.7686,316.69,59.93,522,75.21,0
2024-01-22T18:00:00,40.47,99.66,64.44,170.07,2.6241,323.77,59.63,523,75.26,0
2024-01-22T19:00:00,41.46,98.56,63.62,175.26,3.0188,316.93,60.81,524,73.09,0
2024-01-22T20:00:00,40.39,99.44,65.11,170.84,2.795,315.72,61.12,525,69.89,0
2024-01-22T21:00:00,39.56,101.63,64.58,169.65,2.7861,316.94,60.28,526,66.74,0
2024-01-22T22:00:00,39.7,102.83,64.5,171.6,2.153,325.59,59.66,527,67.86,0
2024-01-22T23:00:00,41.04,102.31,64.73,176.14,2.691,320.07,59.96,528,64.74,0
2024-01-23T00:00:00,41.21,99.27,66.47,168.34,2.4867,319.1,60.02,529,62.77,0
2024-01-23T01:00:00,40.28,98.32,62.64,169.9,2.3623,319.45,59.2,530,62.27,0
2024-01-23T02:00:00,41.51,100.21,64.57,174.99,2.542,326.46,60.58,531,68.23,0
2024-01-23T03:00:00,39.67,97.35,62.89,175.72,2.7363,316.25,60.46,532,68.85,0
2024-01-23T04:00:00,40.95,100.48,64.67,171.79,2.6252,326.58,61.54,533,70.13,0
2024-01-23T05:00:00,40.03,99.78,62.9,169.52,2.2804,321.05,61.26,534,71.75,0
2024-01-23T06:00:00,40.48,99.3,63.5,176.19,2.6856,319.2,59.31,535,74.21,0
2024-01-23T07:00:00,41.04,97.61,63.65,175.19,2.3406,332.5,60.82,536,75.97,0
2024-01-23T08:00:00,40.31,100.77,65.17,173.36,2.5542,314.72,59.05,537,79.35,0
2024-01-23T09:00:00,40.69,99.2,65.1,170.38,2.4242,318.23,60.7,538,78.89,0
2024-01-23T10:00:00,41.81,98.25,62.51,171.9,2.4453,313.84,59.48,539,82.56,0
2024-01-23T11:00:00,40.54,95.69,64.07,171.68,2.6916,324.76,58.98,540,84.19,0
2024-01-23T12:00:00,41.67,99.96,63.15,172.66,2.24,328.45,60.28,541,85.91,0
2024-01-23T13:00:00,40.1,102.66,62.49,174.9,2.9863,328.35,57.33,542,84.6,0
2024-01-23T14:00:00,41.42,102.49,63.74,173.76,2.0447,326.12,58.25,543,84.85,0
2024-01-23T15:00:00,42.15,99.31,63.63,169.85,2.3506,319.01,59.82,544,84.09,0
2024-01-23T16:00:00,39.02,99.1,66.91,174.75,2.5926,318.17,60.08,545,81.59,0
2024-01-23T17:00:00,40.36,100.7,64.52,172.63,2.6461,311.64,59.63,546,78.29,0
2024-01-23T18:00:00,41.46,98.5,62.35,173.37,2.4749,330.18,58.42,547,75.02,0
2024-01-23T19:00:00,40.84,100.45,63.32,174.93,2.4857,322.34,59.18,548,70.94,0
2024-01-23T20:00:00,41.3,101.15,65.23,169.78,2.6026,317.54,60.39,549,71.11,0
2024-01-23T21:00:00,40.52,101.84,66.51,171.93,2.4422,326.64,60.58,550,70.45,0
2024-01-23T22:00:00,41.07,99.85,62.1,170.94,2.8483,315.14,59.98,551,66.85,0
2024-01-23T23:00:00,40.88,99.69,61.74,168.86,2.7098,322.03,61.16,552,68.22,0
2024-01-24T00:00:00,41.93,98.68,66.25,172.69,2.7182,319.14,60.4,553,62.71,0
2024-01-24T01:00:00,41.2,98.76,64.47,177.02,2.2585,323.19,59.25,554,63.61,0
2024-01-24T02:00:00,41.27,99.66,62.96,168.32,2.4802,319.68,59.72,555,67.62,0
2024-01-24T03:00:00,40.67,100.55,64.64,171.94,2.4249,312.75,58.6,556,68.33,0
2024-01-24T04:00:00,40.61,101.37,60.84,173.28,2.2486,320.38,59.89,557,71.97,0
2024-01-24T05:00:00,40.65,98.8,64.0,172.25,2.59,325.24,61.11,558,72.39,0
2024-01-24T06:00:00,41.32,102.24,64.39,171.77,2.3656,319.85,60.69,559,73.7,0
2024-01-24T07:00:00,40.66,99.59,65.11,169.4,2.6639,323.88,61.4,560,77.27,0
2024-01-24T08:00:00,41.23,99.97,62.78,172.47,2.2325,314.77,59.7,561,77.7,0
2024-01-24T09:00:00,42.66,98.88,64.1,170.49,2.9298,319.87,61.35,562,80.38,0
2024-01-24T10:00:00,41.7,96.36,62.89,167.62,2.2759,316.88,59.81,563,85.12,0
2024-01-24T11:00:00,40.74,101.33,64.31,174.39,2.5548,323.73,61.47,564,85.97,0
2024-01-24T12:00:00,41.96,101.11,62.93,173.92,2.698,320.16,59.98,565,85.54,0
2024-01-24T13:00:00,40.67,99.58,63.51,172.1,2.3573,323.45,60.71,566,82.08,0
2024-01-24T14:00:00,39.37,100.1,62.81,172.46,2.7131,325.44,61.48,567,83.12,0
2024-01-24T15:00:00,40.19,100.77,64.78,174.15,2.1927,323.46,59.81,568,80.23,0
2024-01-24T16:00:00,39.5,97.66,65.03,172.45,2.863,321.37,60.22,569,81.76,0
2024-01-24T17:00:00,40.72,99.21,63.72,173.81,2.5035,315.01,61.29,570,76.71,0
2024-01-24T18:00:00,41.01,101.19,64.05,171.41,2.3509,319.99,59.87,571,73.37,0
2024-01-24T19:00:00,42.34,98.12,62.26,174.62,2.4252,317.33,58.68,572,72.46,0
2024-01-24T20:00:00,41.26,100.44,63.64,172.64,2.7022,318.28,62.14,573,69.04,0
2024-01-24T21:00:00,40.82,97.97,63.94,172.39,2.3539,318.13,59.53,574,70.15,0
2024-01-24T22:00:00,41.66,100.7,67.14,169.46,2.3127,315.1,60.16,575,65.24,0
2024-01-24T23:00:00,39.23,99.95,62.67,172.57,2.4446,310.21,61.16,576,63.24,0
2024-01-25T00:00:00,41.19,97.58,65.76,170.34,2.2058,316.66,59.39,577,61.77,0
2024-01-25T01:00:00,41.62,101.75,65.2,170.72,2.9551,320.97,58.99,578,65.29,0
2024-01-25T02:00:00,39.82,98.9,64.34,170.37,2.3584,313.26,60.25,579,65.5,0
2024-01-25T03:00:00,41.92,98.78,66.11,169.87,2.7079,320.08,58.21,580,65.79,0
2024-01-25T04:00:00,41.27,100.3,64.45,176.25,2.5524,329.5,59.71,581,71.78,0
2024-01-25T05:00:00,40.67,101.72,64.47,174.66,2.2539,325.12,60.25,582,73.41,0
2024-01-25T06:00:00,41.51,98.48,63.94,175.84,2.4985,328.22,59.73,583,74.96,0
2024-01-25T07:00:00,42.82,100.09,65.47,169.55,2.696,321.96,58.46,584,79.63,0
2024-01-25T08:00:00,41.15,100.64,65.32,172.14,2.4529,325.84,61.59,585,80.99,0
2024-01-25T09:00:00,41.2,101.04,63.25,169.41,2.7983,316.38,60.1,586,80.84,0
2024-01-25T10:00:00,40.63,100.26,62.42,170.61,2.7554,316.78,61.43,587,82.1,0
2024-01-25T11:00:00,40.32,99.45,63.76,170.16,2.7297,306.3,59.74,588,85.89,0
2024-01-25T12:00:00,41.66,98.76,63.04,174.48,2.3851,325.93,59.12,589,85.59,0
2024-01-25T13:00:00,40.32,100.13,63.92,171.21,2.23,327.7,60.27,590,84.91,0
2024-01-25T14:00:00,41.06,98.39,65.48,174.14,2.3466,317.23,59.78,591,82.39,0
2024-01-25T15:00:00,40.62,95.62,63.45,173.21,2.5491,318.73,58.82,592,82.98,0
2024-01-25T16:00:00,41.38,100.65,63.95,176.61,2.6364,316.23,61.47,593,78.87,0
2024-01-25T17:00:00,41.27,101.36,64.07,169.04,1.9571,321.91,59.38,594,77.44,0
2024-01-25T18:00:00,41.83,96.46,65.02,174.52,2.498,325.62,58.16,595,77.17,0
2024-01-25T19:00:00,40.59,98.49,61.3,174.29,2.5395,311.29,61.33,596,71.42,0
2024-01-25T20:00:00,40.78,100.93,63.27,170.05,2.4306,322.05,59.5,597,67.64,0
2024-01-25T21:00:00,40.22,103.09,64.25,174.01,2.8228,318.62,59.39,598,66.35,0
2024-01-25T22:00:00,40.64,100.03,65.44,172.67,2.6054,320.57,58.23,599,67.83,0
2024-01-25T23:00:00,41.3,98.91,63.41,171.55,2.8275,322.29,61.74,600,65.72,0
2024-01-26T00:00:00,41.61,99.73,61.75,170.35,2.446,319.06,58.71,601,64.81,0
2024-01-26T01:00:00,40.26,102.06,64.74,170.56,2.7344,319.48,60.06,602,64.58,0
2024-01-26T02:00:00,41.7,99.03,63.24,176.1,2.9088,318.93,60.91,603,67.07,0
2024-01-26T03:00:00,42.08,98.8,62.57,172.0,2.8279,324.85,60.42,604,66.66,0
2024-01-26T04:00:00,41.33,99.28,63.25,173.56,2.227,322.09,59.94,605,70.46,0
2024-01-26T05:00:00,42.5,98.57,63.78,170.42,2.4366,321.1,58.3,606,71.31,0
2024-01-26T06:00:00,40.38,100.18,63.27,170.44,2.4137,313.65,59.19,607,73.65,0
2024-01-26T07:00:00,40.0,102.44,61.35,174.16,2.6223,318.11,60.19,608,76.63,0
2024-01-26T08:00:00,39.58,100.48,65.08,169.3,2.6716,324.49,59.21,609,79.44,0
2024-01-26T09:00:00,42.2,99.62,65.53,171.17,2.2903,320.19,60.2,610,82.0,0
2024-01-26T10:00:00,41.52,99.56,64.78,172.07,2.517,323.3,60.68,611,84.01,0
2024-01-26T11:00:00,40.96,97.66,62.63,172.22,1.995,328.83,60.96,612,79.13,0
2024-01-26T12:00:00,41.22,101.32,63.76,171.64,2.8605,325.19,58.77,613,83.79,0
2024-01-26T13:00:00,40.1,99.88,63.99,172.79,2.3719,320.47,62.2,614,84.07,0
2024-01-26T14:00:00,42.96,99.73,64.72,173.39,2.514,317.45,60.77,615,85.92,0
2024-01-26T15:00:00,41.1,104.79,64.8,173.47,2.4226,307.23,60.0,616,80.45,0
2024-01-26T16:00:00,41.09,100.45,63.12,170.03,2.7865,319.16,61.09,617,80.24,0
2024-01-26T17:00:00,41.58,98.87,64.1,171.43,1.7906,318.37,62.37,618,79.83,0
2024-01-26T18:00:00,41.38,99.36,64.55,174.39,2.4958,321.95,58.56,619,73.03,0
2024-01-26T19:00:00,41.18,101.72,65.75,173.79,2.4735,319.23,59.77,620,73.0,0
2024-01-26T20:00:00,40.37,100.17,64.85,169.25,2.3866,318.4,57.62,621,68.8,0
2024-01-26T21:00:00,41.38,97.84,64.95,172.7,2.9316,311.1,60.19,622,67.17,0
2024-01-26T22:00:00,42.51,101.38,64.1,168.04,2.2782,315.3,60.37,623,65.14,0
2024-01-26T23:00:00,42.08,99.0,65.69,172.09,2.6929,322.38,59.96,624,64.24,0
2024-01-27T00:00:00,42.27,102.81,64.49,175.8,2.5891,328.58,59.35,625,69.08,0
2024-01-27T01:00:00,40.59,101.62,62.97,170.1,2.8154,319.51,57.95,626,66.61,0
2024-01-27T02:00:00,40.21,99.33,65.68,170.33,2.3332,321.64,60.37,627,67.99,0
2024-01-27T03:00:00,40.9,101.92,64.84,173.53,2.3168,324.76,61.46,628,68.67,0
2024-01-27T04:00:00,41.04,100.1,63.47,168.91,2.774,315.95,59.41,629,67.59,0
2024-01-27T05:00:00,41.88,101.28,63.42,170.73,2.6063,321.83,60.44,630,73.0,0
2024-01-27T06:00:00,39.65,100.73,64.36,173.19,2.1138,316.3,58.43,631,76.61,0
2024-01-27T07:00:00,42.22,98.73,64.56,170.73,2.3652,324.32,60.46,632,76.31,0
2024-01-27T08:00:00,40.87,99.03,64.24,171.53,2.5966,320.76,59.61,633,81.45,0
2024-01-27T09:00:00,40.66,101.54,64.37,173.49,2.7094,321.49,59.24,634,83.13,0
2024-01-27T10:00:00,40.19,99.5,66.04,172.84,2.3302,316.09,59.24,635,86.44,0
2024-01-27T11:00:00,39.68,99.39,65.29,172.53,1.7714,323.54,59.61,636,84.03,0
2024-01-27T12:00:00,41.66,98.57,64.23,171.32,2.6308,330.42,60.38,637,83.35,0
2024-01-27T13:00:00,41.06,100.64,65.13,172.74,2.1949,314.96,58.69,638,84.12,0
2024-01-27T14:00:00,39.97,103.09,62.76,171.75,1.9957,318.3,59.6,639,85.81,0
2024-01-27T15:00:00,39.96,98.4,64.48,172.92,1.7919,321.16,59.96,640,79.33,0
2024-01-27T16:00:00,40.73,100.04,66.17,171.01,2.7035,323.93,58.9,641,76.9,0
2024-01-27T17:00:00,42.34,102.12,63.74,171.63,2.5322,317.2,61.8,642,77.72,0
2024-01-27T18:00:00,40.79,99.88,62.98,170.02,2.4436,305.83,59.15,643,74.34,0
2024-01-27T19:00:00,39.8,100.68,63.22,171.93,2.8473,326.8,59.33,644,72.42,0
2024-01-27T20:00:00,40.8,98.41,62.69,170.38,2.6593,323.8,59.02,645,71.42,0
2024-01-27T21:00:00,40.78,100.64,63.06,169.77,2.9041,311.29,61.8,646,67.1,0
2024-01-27T22:00:00,38.84,99.72,63.56,172.52,2.1518,316.96,60.55,647,63.53,0
2024-01-27T23:00:00,40.96,101.48,62.31,172.43,2.4914,327.84,59.06,648,68.41,0
2024-01-28T00:00:00,40.82,101.78,64.02,173.57,2.0958,327.24,61.11,649,63.5,0
2024-01-28T01:00:00,41.56,103.88,65.08,171.14,2.4427,324.69,60.2,650,63.75,0
2024-01-28T02:00:00,42.48,100.87,62.91,172.82,2.4378,319.12,60.26,651,68.0,0
2024-01-28T03:00:00,41.9,100.49,65.82,173.1,2.6567,320.41,59.66,652,67.35,0
2024-01-28T04:00:00,40.78,100.29,64.61,172.89,2.5114,319.35,59.25,653,69.9,0
2024-01-28T05:00:00,40.11,99.47,65.24,170.35,2.6559,325.64,60.34,654,73.14,0
2024-01-28T06:00:00,43.06,100.51,63.21,172.3,2.6759,315.62,59.45,655,76.63,0
2024-01-28T07:00:00,41.05,99.56,65.03,172.73,3.0387,315.97,61.82,656,77.09,0
2024-01-28T08:00:00,41.01,100.25,62.69,172.01,2.4212,325.05,58.73,657,82.28,0
2024-01-28T09:00:00,40.98,101.98,65.07,167.83,2.2647,319.78,61.54,658,78.87,0
2024-01-28T10:00:00,41.16,98.49,64.21,172.32,2.5615,326.89,59.89,659,84.8,0
2024-01-28T11:00:00,40.88,101.71,64.66,176.43,2.2994,316.64,60.3,660,83.4,0
2024-01-28T12:00:00,40.54,101.98,62.59,171.28,2.8705,319.73,60.83,661,87.06,0
2024-01-28T13:00:00,40.56,99.82,62.93,170.54,2.4292,315.39,59.37,662,84.87,0
2024-01-28T14:00:00,40.97,96.82,64.72,172.75,2.3586,320.04,60.86,663,82.65,0
2024-01-28T15:00:00,40.57,99.09,62.86,172.62,2.3822,312.61,57.29,664,83.07,0
2024-01-28T16:00:00,40.43,101.95,64.56,174.39,2.6796,317.56,59.28,665,81.34,0
2024-01-28T17:00:00,41.09,99.97,62.36,169.48,2.4606,312.82,59.08,666,78.55,0
2024-01-28T18:00:00,40.8,98.5,65.02,173.46,2.3396,323.47,58.75,667,73.46,0
2024-01-28T19:00:00,42.2,99.24,62.52,173.18,2.9163,323.58,59.79,668,71.69,0
2024-01-28T20:00:00,38.88,101.26,64.66,171.72,2.286,311.35,60.39,669,69.99,0
2024-01-28T21:00:00,41.87,100.82,64.75,172.68,2.5089,326.67,60.7,670,67.87,0
2024-01-28T22:00:00,42.0,99.64,63.16,174.06,2.6631,332.49,60.24,671,67.46,0
2024-01-28T23:00:00,39.34,99.45,64.7,173.74,2.0922,320.23,59.33,672,62.32,0
2024-01-29T00:00:00,40.73,99.41,64.31,169.71,2.6201,316.79,60.37,673,65.5,0
2024-01-29T01:00:00,40.7,98.62,63.35,173.64,2.2362,334.12,60.12,674,64.91,0
2024-01-29T02:00:00,39.87,102.42,62.79,171.87,2.7057,313.41,60.94,675,65.08,0
2024-01-29T03:00:00,40.38,99.52,61.64,172.15,2.2593,320.1,60.78,676,66.82,0
2024-01-29T04:00:00,40.11,101.83,64.42,172.15,2.6732,320.9,60.03,677,69.68,0
2024-01-29T05:00:00,42.4,102.28,62.12,171.7,2.7765,326.73,59.1,678,67.01,0
2024-01-29T06:00:00,41.75,101.5,64.11,174.38,2.7154,321.8,59.35,679,73.95,0
2024-01-29T07:00:00,42.02,99.35,63.68,171.83,2.5628,317.51,59.45,680,76.27,0
2024-01-29T08:00:00,41.58,100.61,64.81,169.76,2.4422,315.24,59.68,681,80.8,0
2024-01-29T09:00:00,40.1,99.96,63.64,171.21,2.3559,318.29,60.27,682,80.86,0
2024-01-29T10:00:00,40.58,98.64,63.6,172.36,2.8678,314.97,60.72,683,83.34,0
2024-01-29T11:00:00,41.39,100.49,64.88,174.46,2.3251,320.24,59.95,684,86.97,0
2024-01-29T12:00:00,40.02,98.23,64.4,173.21,2.2407,317.18,60.02,685,86.49,0
2024-01-29T13:00:00,41.57,101.78,64.38,170.3,2.6663,312.53,60.14,686,86.01,0
2024-01-29T14:00:00,40.81,99.3,64.56,176.97,2.301,326.28,59.48,687,82.91,0
2024-01-29T15:00:00,40.7,100.3,62.16,172.53,2.2625,317.51,59.07,688,82.89,0
2024-01-29T16:00:00,41.57,100.42,64.91,174.55,2.1391,313.66,58.24,689,79.65,0
2024-01-29T17:00:00,41.36,99.61,64.73,171.7,2.3793,319.16,59.3,690,77.29,0
2024-01-29T18:00:00,40.71,100.88,62.78,173.07,2.4793,320.34,60.47,691,75.61,0
2024-01-29T19:00:00,41.93,99.29,63.71,173.68,2.5608,311.27,59.3,692,71.52,0
2024-01-29T20:00:00,40.14,101.31,63.95,174.44,2.7378,321.66,59.76,693,72.24,0
2024-01-29T21:00:00,41.49,97.98,63.84,174.11,2.6317,314.76,60.47,694,67.69,0
2024-01-29T22:00:00,41.47,100.19,64.4,173.74,2.4523,328.56,60.52,695,67.27,0
2024-01-29T23:00:00,40.75,102.91,65.72,171.37,2.4505,322.62,58.92,696,67.52,0
2024-01-30T00:00:00,41.26,98.5,65.3,170.86,2.6275,318.0,61.0,697,66.55,0
2024-01-30T01:00:00,40.0,98.98,62.43,172.67,2.8181,316.27,61.13,698,63.23,0
2024-01-30T02:00:00,41.74,100.77,64.75,173.87,2.5316,319.48,58.87,699,67.01,0
2024-01-30T03:00:00,40.85,100.27,65.59,171.55,2.3827,323.06,59.18,700,69.21,0
2024-01-30T04:00:00,40.58,102.18,64.46,175.33,2.4868,318.08,67.29,701,71.34,0
2024-01-30T05:00:00,41.84,99.28,65.31,171.05,2.4398,316.19,67.61,702,70.74,0
2024-01-30T06:00:00,40.44,98.92,66.41,171.02,2.7153,332.93,66.41,703,74.01,0
2024-01-30T07:00:00,39.87,100.21,65.23,171.43,3.2148,322.1,67.54,704,79.08,0
2024-01-30T08:00:00,39.75,101.25,64.3,169.76,3.5864,323.07,66.95,705,78.86,0
2024-01-30T09:00:00,41.48,101.2,65.25,168.59,3.4515,325.69,66.6,706,81.62,0
2024-01-30T10:00:00,39.98,97.86,64.17,174.11,3.4138,312.89,68.09,707,86.02,0
2024-01-30T11:00:00,42.4,102.87,64.03,168.31,4.1239,328.76,65.81,708,84.59,0
2024-01-30T12:00:00,39.33,99.04,63.58,172.49,3.5529,307.46,67.9,709,83.91,0
2024-01-30T13:00:00,42.36,99.6,65.88,173.77,4.2456,316.16,68.01,710,83.34,0
2024-01-30T14:00:00,41.17,98.65,63.02,169.1,3.875,317.7,66.44,711,84.16,0
2024-01-30T15:00:00,40.92,104.05,65.84,170.15,4.3214,322.91,66.49,712,80.07,0
2024-01-30T16:00:00,40.56,100.36,64.6,174.43,4.2643,321.09,67.08,713,79.63,0
2024-01-30T17:00:00,41.32,98.72,62.32,173.07,4.45,319.17,67.57,714,78.09,0
2024-01-30T18:00:00,40.97,101.3,64.44,170.77,4.4859,319.94,67.13,715,76.95,0
2024-01-30T19:00:00,41.88,101.15,61.48,174.4,5.3413,315.11,67.71,716,73.41,0
2024-01-30T20:00:00,41.09,99.72,64.75,174.41,4.6786,312.51,69.03,717,68.93,0
2024-01-30T21:00:00,41.12,101.26,65.06,172.54,4.846,323.63,66.75,718,69.7,0
2024-01-30T22:00:00,40.71,98.76,63.29,170.2,6.1629,323.47,65.53,719,65.89,0
2024-01-30T23:00:00,40.95,99.26,64.15,171.17,5.8801,327.92,68.06,720,63.49,0
2024-01-31T00:00:00,41.25,96.98,66.34,172.57,4.7114,316.05,68.91,721,64.74,0
2024-01-31T01:00:00,39.63,98.01,63.39,171.62,5.6179,323.46,67.61,722,67.5,0
2024-01-31T02:00:00,39.92,102.71,62.73,173.88,5.2999,318.58,66.11,723,66.59,0
2024-01-31T03:00:00,41.59,102.46,65.78,168.94,5.8272,325.95,67.07,724,67.95,0
2024-01-31T04:00:00,41.14,100.1,66.36,169.01,5.137,325.11,66.06,725,72.46,0
2024-01-31T05:00:00,40.85,102.49,64.0,172.36,6.5248,321.06,67.81,726,70.26,0
2024-01-31T06:00:00,41.01,99.76,65.21,171.02,6.3121,318.3,65.81,727,73.07,0
2024-01-31T07:00:00,41.28,99.63,65.61,170.75,6.9844,324.8,66.85,728,75.16,0
2024-01-31T08:00:00,40.57,100.08,63.11,168.46,6.5042,323.23,66.13,729,80.56,0
2024-01-31T09:00:00,40.38,99.81,63.42,172.04,7.3835,316.58,67.25,730,82.32,0
2024-01-31T10:00:00,41.16,99.68,65.48,171.89,7.3828,313.36,66.75,731,85.97,0
2024-01-31T11:00:00,40.22,101.72,66.02,173.31,8.3503,318.56,67.28,732,85.02,0
2024-01-31T12:00:00,41.33,100.23,64.68,172.14,8.5171,327.58,67.11,733,84.39,0
2024-01-31T13:00:00,39.64,101.07,62.94,171.73,8.4722,325.73,66.09,734,84.66,0
2024-01-31T14:00:00,41.82,101.55,66.38,174.35,8.2354,314.44,67.69,735,83.84,0
2024-01-31T15:00:00,41.38,100.58,63.36,169.38,9.3705,314.16,67.0,736,79.56,0
2024-01-31T16:00:00,41.2,98.54,63.6,173.07,8.168,326.37,66.05,737,84.07,0
2024-01-31T17:00:00,41.79,97.97,64.41,168.66,8.4431,314.32,69.27,738,78.37,0
2024-01-31T18:00:00,42.33,100.22,65.86,170.32,9.1889,322.55,67.49,739,75.32,0
2024-01-31T19:00:00,41.81,99.74,65.02,169.57,10.3445,316.92,66.85,740,73.33,0
2024-01-31T20:00:00,39.53,100.13,64.5,173.56,9.585,328.09,68.4,741,71.06,0
2024-01-31T21:00:00,39.98,99.98,64.56,171.87,9.8183,316.15,68.81,742,67.72,0
2024-01-31T22:00:00,40.5,103.88,64.05,171.97,9.5432,325.72,66.81,743,65.39,0
2024-01-31T23:00:00,41.02,98.0,64.67,169.79,10.7293,320.92,67.29,744,66.24,0
2024-02-01T00:00:00,41.41,97.02,60.96,171.4,10.9659,321.26,65.94,745,65.58,0
2024-02-01T01:00:00,40.42,100.5,63.64,170.47,11.1368,310.15,66.77,746,64.13,0
2024-02-01T02:00:00,41.15,99.44,64.29,172.77,10.8087,308.99,66.7,747,68.47,0
2024-02-01T03:00:00,40.4,100.47,62.62,170.02,11.0198,318.9,67.07,748,68.37,0
2024-02-01T04:00:00,40.51,100.88,64.46,174.66,11.0302,321.23,67.2,749,71.09,0
2024-02-01T05:00:00,39.87,101.93,63.75,168.65,11.8288,314.37,67.42,750,74.5,0
2024-02-01T06:00:00,40.26,97.74,66.11,170.39,11.6139,314.56,67.08,751,75.03,0
2024-02-01T07:00:00,39.92,99.16,65.89,175.35,11.8287,322.81,65.61,752,78.06,0
2024-02-01T08:00:00,40.22,100.64,63.44,171.13,12.3869,322.81,65.87,753,81.22,0
2024-02-01T09:00:00,41.84,101.16,63.82,169.37,12.6204,319.31,66.25,754,80.98,0
2024-02-01T10:00:00,40.24,103.29,63.91,172.44,12.8637,323.9,66.49,755,83.74,0
2024-02-01T11:00:00,43.11,101.43,63.46,171.05,13.5313,314.13,67.81,756,84.85,0
2024-02-01T12:00:00,41.39,99.91,64.23,170.33,13.6453,318.22,65.58,757,83.57,0
2024-02-01T13:00:00,41.15,98.66,63.09,169.81,13.7706,328.24,66.37,758,88.14,0
2024-02-01T14:00:00,40.31,99.15,62.64,177.54,14.2344,320.34,67.66,759,81.55,0
2024-02-01T15:00:00,41.56,99.11,64.75,171.5,14.0432,320.63,66.39,760,80.12,0
2024-02-01T16:00:00,40.54,100.98,64.76,168.15,14.7638,331.53,67.13,761,81.97,0
2024-02-01T17:00:00,41.1,100.39,63.03,174.99,15.0671,313.0,66.52,762,78.66,0
2024-02-01T18:00:00,43.05,98.01,65.07,173.22,14.6942,323.98,66.89,763,73.46,0
2024-02-01T19:00:00,40.92,99.35,63.24,170.47,15.9857,328.32,66.39,764,73.32,0
2024-02-01T20:00:00,41.92,101.32,64.3,170.13,15.5302,318.38,67.27,765,72.2,0
2024-02-01T21:00:00,40.44,100.53,64.98,173.35,16.2178,324.3,65.04,766,67.88,0
2024-02-01T22:00:00,40.97,100.85,63.96,171.51,16.9498,315.09,66.2,767,70.24,0
2024-02-01T23:00:00,42.42,100.57,64.55,168.15,17.1602,316.57,66.84,768,62.75,0
2024-02-02T00:00:00,40.5,102.44,63.38,175.57,17.1133,321.92,67.06,769,66.04,0
2024-02-02T01:00:00,42.45,100.35,63.76,171.13,17.2677,323.99,68.0,770,67.09,0
2024-02-02T02:00:00,41.57,99.42,63.75,174.99,18.1086,325.6,66.09,771,67.68,0
2024-02-02T03:00:00,40.55,98.63,63.1,174.56,18.3201,327.85,67.94,772,67.62,0
2024-02-02T04:00:00,41.51,100.37,63.79,170.0,18.1273,319.66,65.78,773,69.56,0
2024-02-02T05:00:00,41.78,96.34,62.14,174.07,18.3849,325.97,67.75,774,73.08,0
2024-02-02T06:00:00,41.5,99.72,63.41,170.7,18.2059,318.29,67.22,775,76.22,0
2024-02-02T07:00:00,39.74,99.69,63.66,168.27,19.4325,324.51,65.47,776,78.49,0
2024-02-02T08:00:00,40.42,97.95,63.69,171.15,19.6777,321.04,66.66,777,81.56,0
2024-02-02T09:00:00,40.8,98.61,63.71,172.8,20.5092,322.23,66.28,778,80.54,0
2024-02-02T10:00:00,40.94,101.21,63.93,171.07,20.5464,322.12,66.94,779,83.32,0
2024-02-02T11:00:00,41.5,100.35,64.58,171.39,21.2885,311.98,66.07,780,83.25,0
2024-02-02T12:00:00,41.14,100.15,65.05,174.29,20.8321,314.38,65.96,781,84.42,0
2024-02-02T13:00:00,39.93,100.46,63.22,172.21,21.9268,320.51,67.61,782,86.18,0
2024-02-02T14:00:00,41.3,100.14,62.56,170.31,21.6246,311.56,66.12,783,83.82,0
2024-02-02T15:00:00,41.49,101.86,62.75,173.4,22.5162,324.16,67.02,784,85.98,0
2024-02-02T16:00:00,41.45,100.19,63.42,172.4,21.9949,324.36,65.95,785,80.29,0
2024-02-02T17:00:00,41.86,97.81,63.58,166.96,23.0502,321.64,67.81,786,77.68,0
2024-02-02T18:00:00,41.67,102.45,63.08,172.86,22.5444,314.39,65.44,787,75.16,0
2024-02-02T19:00:00,41.37,100.56,62.44,172.78,23.6181,326.9,65.48,788,71.46,0
2024-02-02T20:00:00,40.94,99.12,63.45,172.04,24.2923,330.19,67.6,789,69.91,0
2024-02-02T21:00:00,39.67,98.12,64.22,173.78,24.3036,320.74,65.6,790,69.62,0
2024-02-02T22:00:00,41.34,100.59,64.71,170.66,24.4923,322.55,67.62,791,66.51,0
2024-02-02T23:00:00,41.17,99.82,63.33,172.67,25.6561,321.01,66.88,792,64.15,0
2024-02-03T00:00:00,41.22,102.36,63.5,168.87,25.6862,322.65,65.81,793,63.61,0
2024-02-03T01:00:00,39.98,99.48,62.89,172.81,25.9466,319.4,64.12,794,64.67,0
2024-02-03T02:00:00,40.14,98.74,63.96,175.91,26.5788,319.83,65.89,795,66.45,0
2024-02-03T03:00:00,41.84,101.34,62.98,170.01,28.0413,324.53,65.98,796,69.72,0
2024-02-03T04:00:00,40.97,101.39,64.69,170.48,27.8777,331.73,67.02,797,67.99,0
2024-02-03T05:00:00,41.55,100.25,61.86,170.58,28.316,313.0,67.41,798,71.93,0
2024-02-03T06:00:00,41.02,101.01,63.57,172.26,28.4649,319.48,65.11,799,75.22,0
2024-02-03T07:00:00,41.02,99.94,64.36,169.87,28.8023,314.1,66.57,800,74.84,0
2024-02-03T08:00:00,41.75,100.35,64.22,172.84,28.2275,327.96,66.5,801,78.75,0
2024-02-03T09:00:00,40.59,101.75,67.23,173.69,29.3698,317.06,66.78,802,81.05,0
2024-02-03T10:00:00,41.08,100.94,64.42,173.07,29.91,312.78,66.17,803,82.47,0
2024-02-03T11:00:00,40.63,99.75,62.8,168.46,29.8186,323.19,63.7,804,84.95,0
2024-02-03T12:00:00,40.65,102.03,63.89,173.99,30.5774,328.72,65.46,805,84.76,0
2024-02-03T13:00:00,40.75,96.45,61.87,173.87,30.7254,323.32,64.42,806,83.83,0
2024-02-03T14:00:00,41.18,103.08,63.9,173.66,31.9853,321.02,65.34,807,84.3,0
2024-02-03T15:00:00,40.62,97.44,63.0,172.75,32.8168,322.05,66.49,808,84.66,0
2024-02-03T16:00:00,42.0,99.06,65.1,172.44,33.4264,327.07,65.79,809,82.46,0
2024-02-03T17:00:00,40.28,99.94,63.34,174.06,33.6498,315.63,66.59,810,74.7,0
2024-02-03T18:00:00,40.85,99.78,63.86,175.85,33.6047,319.44,65.75,811,75.87,0
2024-02-03T19:00:00,40.65,101.51,63.24,170.09,33.7293,317.74,64.08,812,72.14,0
2024-02-03T20:00:00,42.16,98.41,66.09,174.16,34.3175,314.16,62.82,813,70.23,0
2024-02-03T21:00:00,41.16,100.39,63.61,171.83,35.0368,318.36,65.45,814,67.33,0
2024-02-03T22:00:00,41.83,99.13,66.2,171.74,35.7193,325.54,65.06,815,66.52,0
2024-02-03T23:00:00,39.81,100.44,64.98,168.93,36.5475,322.83,64.26,816,65.57,0
2024-02-04T00:00:00,41.21,99.9,64.58,171.43,36.7487,323.22,63.49,817,64.13,0
2024-02-04T01:00:00,41.71,100.14,64.44,170.01,37.8393,320.73,64.42,818,64.0,0
2024-02-04T02:00:00,41.07,99.18,64.47,171.07,38.1666,322.62,64.92,819,65.67,0
2024-02-04T03:00:00,41.85,99.23,61.69,169.8,38.826,316.0,65.75,820,68.28,0
2024-02-04T04:00:00,40.59,100.52,63.67,171.1,39.8469,318.65,65.23,821,70.9,0
2024-02-04T05:00:00,42.13,101.74,65.01,171.19,39.4944,321.64,66.61,822,73.69,0
2024-02-04T06:00:00,42.84,99.66,63.94,172.19,40.7164,322.56,63.93,823,74.26,0
2024-02-04T07:00:00,40.71,99.49,62.31,168.77,41.1326,323.27,65.8,824,78.01,0
2024-02-04T08:00:00,40.64,101.96,63.94,169.11,41.601,321.48,64.93,825,81.44,0
2024-02-04T09:00:00,42.16,101.23,66.04,172.72,42.6918,320.8,65.53,826,83.82,0
2024-02-04T10:00:00,42.26,102.77,65.5,170.41,43.2996,338.99,64.36,827,83.57,0
2024-02-04T11:00:00,40.58,100.42,63.93,174.15,43.187,328.26,65.82,828,84.33,0
2024-02-04T12:00:00,40.66,99.36,65.14,172.45,44.1175,326.32,65.0,829,85.29,0
2024-02-04T13:00:00,40.77,101.48,63.56,173.21,44.9351,323.63,63.98,830,82.93,0
2024-02-04T14:00:00,39.92,101.39,61.96,174.82,45.353,323.08,64.61,831,83.37,0
2024-02-04T15:00:00,40.27,102.69,62.89,171.38,46.3434,325.23,64.33,832,83.19,0
2024-02-04T16:00:00,40.2,102.12,65.88,170.85,46.8766,327.9,65.02,833,80.96,0
2024-02-04T17:00:00,40.39,104.45,63.67,173.74,48.1596,317.6,63.3,834,77.18,0
2024-02-04T18:00:00,40.97,103.18,63.71,173.02,47.4848,319.73,64.4,835,75.33,0
2024-02-04T19:00:00,41.19,104.12,63.64,171.63,48.7261,324.96,64.78,836,71.17,0
2024-02-04T20:00:00,42.24,104.41,66.28,174.78,49.0978,329.77,64.37,837,71.06,0
2024-02-04T21:00:00,40.2,104.75,65.95,171.58,50.3971,328.13,65.63,838,67.81,0
2024-02-04T22:00:00,41.79,104.71,66.66,172.07,50.211,337.31,65.01,839,65.93,0
2024-02-04T23:00:00,40.83,105.8,63.81,172.04,51.7071,323.11,64.18,840,64.8,0
2024-02-05T00:00:00,40.96,104.13,64.35,170.13,52.0356,327.38,64.35,841,64.91,0
2024-02-05T01:00:00,41.54,107.73,62.18,172.16,52.7214,339.36,64.38,842,64.67,0
2024-02-05T02:00:00,40.1,105.57,65.77,174.79,53.1726,333.04,64.43,843,67.33,0
2024-02-05T03:00:00,41.31,104.27,62.6,172.89,54.3099,337.44,62.15,844,67.34,0
2024-02-05T04:00:00,41.13,106.83,64.26,172.06,55.6833,343.92,63.62,845,72.39,0
2024-02-05T05:00:00,41.39,105.58,62.68,171.68,56.0018,330.84,62.38,846,74.61,0
2024-02-05T06:00:00,41.23,108.17,63.29,172.66,57.0343,334.47,65.09,847,73.66,0
2024-02-05T07:00:00,42.96,110.81,63.0,173.5,58.2295,334.27,63.69,848,77.69,0
2024-02-05T08:00:00,40.49,106.64,63.27,173.22,58.4588,326.53,63.5,849,79.02,0
2024-02-05T09:00:00,40.58,108.65,63.35,171.34,58.9287,335.44,64.54,850,81.58,0
2024-02-05T10:00:00,40.5,105.86,63.34,172.7,60.1475,342.08,64.0,851,86.66,1
2024-02-05T11:00:00,40.56,109.51,65.0,173.1,60.5607,341.08,62.39,852,84.2,1
2024-02-05T12:00:00,40.49,107.84,62.67,170.22,61.4042,342.18,63.39,853,85.54,1
2024-02-05T13:00:00,41.95,108.58,64.26,172.67,61.8352,337.92,63.06,854,85.47,1
2024-02-05T14:00:00,42.14,108.22,65.46,168.11,63.6608,337.24,61.59,855,82.16,1
2024-02-05T15:00:00,40.54,111.33,63.38,173.49,63.9929,347.6,62.58,856,80.79,1
2024-02-05T16:00:00,40.33,112.1,63.14,173.95,65.0873,339.51,63.03,857,78.19,1
2024-02-05T17:00:00,41.38,110.99,63.72,174.22,65.4775,344.22,63.03,858,76.26,1
2024-02-05T18:00:00,40.56,110.03,65.42,172.04,66.9539,344.33,61.6,859,70.72,1
2024-02-05T19:00:00,41.51,114.08,64.23,173.55,67.3729,351.59,64.17,860,73.23,1
2024-02-05T20:00:00,41.16,110.95,63.36,175.88,68.5298,349.92,62.85,861,73.08,1
2024-02-05T21:00:00,39.79,109.22,64.58,175.96,69.857,339.37,62.92,862,68.15,1
2024-02-05T22:00:00,42.24,113.54,62.68,173.18,70.7524,340.71,63.21,863,64.22,1
2024-02-05T23:00:00,42.44,111.59,64.82,173.63,71.3685,350.35,61.95,864,64.38,1
2024-02-06T00:00:00,40.51,115.13,64.49,175.68,71.6224,347.95,63.13,865,64.31,1
2024-02-06T01:00:00,40.69,113.48,63.63,170.56,74.4902,346.82,62.23,866,63.81,1
2024-02-06T02:00:00,41.23,115.37,62.99,173.02,74.9663,355.01,61.63,867,67.63,1
2024-02-06T03:00:00,41.27,116.98,62.94,176.45,75.5433,351.72,63.02,868,69.14,1
2024-02-06T04:00:00,41.53,113.48,64.64,175.84,75.9509,351.9,63.87,869,68.27,1
2024-02-06T05:00:00,42.61,114.87,65.47,174.74,77.2165,356.4,63.03,870,73.5,1
2024-02-06T06:00:00,40.86,116.04,63.24,171.1,78.0661,351.51,63.15,871,77.29,1
2024-02-06T07:00:00,40.36,118.9,64.55,174.13,79.8226,362.12,61.63,872,80.44,1
2024-02-06T08:00:00,39.9,116.05,61.5,173.17,80.4678,351.23,60.47,873,84.3,1
2024-02-06T09:00:00,40.42,116.59,63.3,175.12,81.1073,359.37,63.48,874,80.72,1
2024-02-06T10:00:00,40.97,118.65,63.96,172.96,82.3032,364.17,63.96,875,87.9,1
2024-02-06T11:00:00,42.44,117.53,62.91,172.65,84.0231,351.05,63.37,876,84.13,1
2024-02-06T12:00:00,40.59,119.09,62.88,170.69,85.3106,357.16,61.41,877,84.11,1
2024-02-06T13:00:00,41.18,117.01,63.2,177.38,86.3907,365.55,60.5,878,85.15,1
2024-02-06T14:00:00,40.99,123.13,64.35,174.26,87.204,366.59,60.51,879,82.79,1
2024-02-06T15:00:00,41.95,118.27,63.78,175.5,87.9352,360.93,59.8,880,82.67,1
2024-02-06T16:00:00,43.02,120.3,61.31,175.3,87.8881,359.1,61.29,881,78.02,1
2024-02-06T17:00:00,40.58,121.23,61.46,173.3,90.4655,368.56,62.91,882,77.23,1
2024-02-06T18:00:00,40.61,124.65,63.27,173.04,91.5216,370.71,61.08,883,76.93,1
2024-02-06T19:00:00,41.84,120.3,64.55,173.67,92.7678,359.99,61.43,884,72.33,1
2024-02-06T20:00:00,41.55,125.78,60.7,174.37,93.9368,360.84,62.41,885,70.21,1
2024-02-06T21:00:00,42.48,124.46,63.4,176.68,94.6024,369.04,60.54,886,68.64,1
2024-02-06T22:00:00,41.47,124.48,63.37,174.48,96.5879,372.12,62.88,887,68.1,1
2024-02-06T23:00:00,40.71,122.92,65.67,179.7,97.8643,368.56,62.74,888,62.86,1
2024-02-07T00:00:00,41.47,125.79,63.54,178.4,99.1456,374.54,60.52,889,65.88,1
2024-02-07T01:00:00,41.89,124.4,64.46,178.09,100.5273,368.7,59.98,890,64.94,1
2024-02-07T02:00:00,41.66,127.94,64.17,176.37,101.6813,362.79,61.15,891,66.59,1
2024-02-07T03:00:00,41.41,125.15,61.44,179.78,102.582,372.38,60.0,892,69.52,1
2024-02-07T04:00:00,41.85,127.0,64.92,176.45,104.0393,375.96,59.09,893,68.21,1
2024-02-07T05:00:00,41.94,126.92,64.26,176.97,105.4413,375.42,61.42,894,70.89,1
2024-02-07T06:00:00,42.11,126.85,64.61,177.51,106.8008,372.18,61.25,895,72.1,1
2024-02-07T07:00:00,41.52,130.04,68.71,178.72,108.5259,370.08,60.16,896,76.76,1
2024-02-07T08:00:00,40.87,130.33,61.5,178.73,109.7691,377.79,58.74,897,82.0,1
2024-02-07T09:00:00,41.12,131.95,66.07,176.65,111.7438,386.06,58.77,898,81.89,1
2024-02-07T10:00:00,41.97,128.08,63.66,176.68,113.2133,389.09,60.11,899,81.65,1
2024-02-07T11:00:00,40.35,132.97,64.34,179.18,113.7971,389.99,59.5,900,83.93,1
2024-02-07T12:00:00,41.29,135.77,63.95,179.48,113.6819,381.23,59.66,901,82.77,1
2024-02-07T13:00:00,40.69,131.97,63.49,177.41,117.1798,380.82,61.02,902,82.97,1
2024-02-07T14:00:00,41.02,136.14,63.32,175.18,117.9547,390.36,60.73,903,84.24,1
2024-02-07T15:00:00,42.02,133.56,64.4,178.09,119.3535,392.36,61.38,904,80.31,1
2024-02-07T16:00:00,41.15,132.56,62.18,179.91,121.0356,392.51,59.01,905,81.67,1
2024-02-07T17:00:00,41.04,134.83,64.9,182.43,122.5552,381.77,59.66,906,77.48,1
2024-02-07T18:00:00,39.91,137.54,63.5,176.58,124.5358,388.86,60.76,907,75.13,1
2024-02-07T19:00:00,41.6,135.4,62.64,178.28,125.2424,394.42,60.45,908,71.99,1
2024-02-07T20:00:00,41.52,136.46,63.46,178.52,127.029,398.39,61.53,909,71.16,1
2024-02-07T21:00:00,42.73,138.96,65.51,182.17,129.2099,401.2,60.42,910,69.1,1
2024-02-07T22:00:00,40.75,138.79,63.36,179.55,130.9535,399.51,61.85,911,66.84,1
2024-02-07T23:00:00,41.18,140.39,64.43,177.97,132.6117,401.88,60.54,912,66.19,1
2024-02-08T00:00:00,41.2,140.6,63.12,181.07,133.7106,402.1,61.06,913,64.68,1
2024-02-08T01:00:00,42.26,141.71,64.91,179.31,135.324,406.58,59.68,914,66.15,1
2024-02-08T02:00:00,40.92,141.1,64.82,177.85,137.2225,406.21,60.01,915,65.83,1
2024-02-08T03:00:00,41.22,142.86,66.22,178.68,139.2511,406.48,60.91,916,67.93,1
2024-02-08T04:00:00,41.49,141.89,63.79,184.11,141.4997,406.34,61.61,917,69.59,1
2024-02-08T05:00:00,41.15,146.0,64.8,181.58,141.8574,409.64,60.73,918,71.73,1
2024-02-08T06:00:00,40.64,143.91,64.12,181.21,144.3799,413.22,59.92,919,73.97,1
2024-02-08T07:00:00,41.16,147.36,65.56,180.67,145.748,413.72,61.38,920,78.29,1
2024-02-08T08:00:00,41.86,146.13,63.14,181.94,147.4544,415.89,57.81,921,81.97,1
2024-02-08T09:00:00,40.18,147.61,64.89,182.09,150.358,422.32,58.58,922,83.83,1
2024-02-08T10:00:00,41.11,147.4,63.77,182.3,152.0667,418.57,60.68,923,81.78,1
2024-02-08T11:00:00,40.44,147.46,63.92,182.13,153.9284,415.67,60.01,924,86.59,1
2024-02-08T12:00:00,41.96,147.23,64.11,183.83,156.0392,425.01,60.61,925,84.52,1
2024-02-08T13:00:00,39.78,149.13,64.3,182.33,157.4237,415.47,60.06,926,85.56,1
2024-02-08T14:00:00,40.55,151.1,63.86,180.51,159.4103,418.61,60.57,927,82.3,1
2024-02-08T15:00:00,41.3,152.8,64.26,181.44,162.4485,427.44,59.19,928,82.28,1
2024-02-08T16:00:00,42.25,154.9,65.89,178.9,163.4899,430.11,60.57,929,80.47,1
2024-02-08T17:00:00,40.95,153.63,65.18,187.11,165.9206,423.09,60.99,930,75.36,1
2024-02-08T18:00:00,40.56,153.9,65.04,184.98,167.6911,429.21,61.22,931,75.91,1
2024-02-08T19:00:00,42.5,153.99,63.45,181.79,169.0355,429.93,62.01,932,74.43,1
2024-02-08T20:00:00,39.84,157.82,62.93,183.09,171.0679,432.38,60.24,933,69.74,1
2024-02-08T21:00:00,39.24,160.14,65.15,182.58,173.7898,441.4,60.27,934,69.97,1
2024-02-08T22:00:00,41.35,160.94,65.05,187.15,176.6047,442.11,58.48,935,66.06,1
2024-02-08T23:00:00,40.6,161.09,65.77,181.43,178.6839,440.41,59.47,936,66.62,1
2024-02-09T00:00:00,40.18,161.98,63.28,184.71,180.9463,439.72,59.81,937,61.67,1
2024-02-09T01:00:00,41.57,164.58,63.72,184.47,182.4239,437.67,61.05,938,68.97,1
2024-02-09T02:00:00,41.2,163.55,62.03,186.56,185.7295,453.51,59.39,939,68.58,1
2024-02-09T03:00:00,40.55,165.06,63.53,184.91,186.9884,451.38,60.8,940,67.5,1
2024-02-09T04:00:00,39.98,164.66,65.2,181.82,189.7775,446.93,60.0,941,67.04,1
2024-02-09T05:00:00,41.7,164.16,63.44,185.06,192.0336,456.12,59.82,942,72.84,1
2024-02-09T06:00:00,41.52,166.26,64.77,183.83,194.3412,454.27,60.25,943,72.83,1
2024-02-09T07:00:00,40.92,168.36,63.77,186.16,197.3472,455.3,59.61,944,78.26,1
2024-02-09T08:00:00,42.48,169.57,64.39,189.1,198.9589,461.05,59.57,945,80.62,1
2024-02-09T09:00:00,40.14,173.49,62.62,182.98,201.1589,457.33,58.3,946,80.66,1
2024-02-09T10:00:00,39.78,171.85,64.1,185.09,204.1935,461.51,59.75,947,85.34,1
2024-02-09T11:00:00,40.45,174.64,60.41,185.81,206.5416,466.06,59.52,948,85.87,1
2024-02-09T12:00:00,40.96,173.39,63.78,186.39,210.5981,465.2,59.48,949,86.46,1
2024-02-09T13:00:00,41.19,174.75,62.04,188.87,212.0934,473.32,60.42,950,84.67,1
2024-02-09T14:00:00,40.81,174.41,65.45,187.28,214.265,481.62,60.66,951,81.54,1
2024-02-09T15:00:00,41.28,176.5,64.93,188.7,216.643,470.83,60.23,952,83.54,1
2024-02-09T16:00:00,40.0,179.63,64.56,186.86,218.981,468.63,61.0,953,79.59,1
2024-02-09T17:00:00,42.16,180.09,65.83,188.82,222.0221,469.34,60.58,954,75.5,1
2024-02-09T18:00:00,40.93,182.75,62.86,190.16,225.2091,481.01,59.7,955,77.03,1
2024-02-09T19:00:00,41.89,182.87,66.1,187.39,228.497,480.89,59.54,956,75.56,1
2024-02-09T20:00:00,41.27,183.36,65.12,190.67,231.1704,487.72,60.31,957,69.94,1
2024-02-09T21:00:00,41.37,188.41,63.72,189.47,233.6418,489.84,60.57,958,71.17,1
2024-02-09T22:00:00,41.46,186.37,65.36,191.71,236.2827,483.7,61.4,959,66.48,1
2024-02-09T23:00:00,41.36,189.59,62.67,189.48,239.415,485.2,61.19,960,64.77,1
2024-02-10T00:00:00,41.51,188.6,63.01,190.91,242.0295,498.35,59.46,961,64.05,1
2024-02-10T01:00:00,42.06,191.64,63.27,190.33,245.8884,500.18,59.9,962,67.8,1
2024-02-10T02:00:00,41.16,193.35,63.37,190.48,248.1244,500.03,60.67,963,65.17,1
2024-02-10T03:00:00,41.57,193.68,62.73,191.46,251.1998,496.56,61.07,964,69.03,1
2024-02-10T04:00:00,40.93,191.26,65.47,192.29,253.418,509.93,60.94,965,69.16,1
2024-02-10T05:00:00,42.15,196.26,63.69,188.99,257.3323,516.69,59.94,966,71.72,1
2024-02-10T06:00:00,40.46,199.54,64.42,194.64,260.8878,514.51,58.75,967,76.55,1
2024-02-10T07:00:00,42.44,199.97,63.32,188.33,263.3059,511.71,59.0,968,77.02,1
2024-02-10T08:00:00,40.97,201.34,61.82,190.96,266.6498,519.02,60.27,969,79.39,1
2024-02-10T09:00:00,39.86,199.61,64.32,192.43,270.5223,514.86,60.34,970,83.77,1
2024-02-10T10:00:00,41.1,202.65,61.71,193.73,272.9079,529.91,58.9,971,86.06,1
2024-02-10T11:00:00,40.46,205.9,63.92,196.35,277.2538,527.99,60.04,972,85.63,1
2024-02-10T12:00:00,41.67,207.48,62.36,189.78,279.9892,521.74,60.63,973,84.02,1
2024-02-10T13:00:00,40.48,210.28,66.38,192.77,283.4578,532.12,58.85,974,83.89,1
2024-02-10T14:00:00,40.64,209.86,65.09,189.83,286.6149,539.01,61.1,975,83.78,1
2024-02-10T15:00:00,39.49,212.33,64.13,194.45,290.7075,538.14,59.62,976,82.55,1
2024-02-10T16:00:00,40.64,213.4,65.52,195.24,295.0733,541.57,61.26,977,78.52,1
2024-02-10T17:00:00,39.06,213.58,62.98,198.18,297.9765,540.01,59.47,978,78.67,1
2024-02-10T18:00:00,39.73,213.37,64.65,195.55,300.9349,552.19,58.97,979,75.13,1
2024-02-10T19:00:00,41.61,219.13,64.24,197.71,305.3941,549.38,59.54,980,69.84,1
2024-02-10T20:00:00,41.63,220.49,64.32,197.11,308.5156,545.14,59.9,981,68.61,1
2024-02-10T21:00:00,41.34,221.07,65.53,195.39,312.938,557.41,59.61,982,67.17,1
2024-02-10T22:00:00,40.23,221.36,64.88,193.77,316.5009,567.55,59.78,983,66.23,1
2024-02-10T23:00:00,40.96,226.54,64.35,197.46,318.8357,564.14,60.33,984,68.17,1
2024-02-11T00:00:00,41.0,227.04,62.01,194.25,323.4912,578.23,59.83,985,65.36,1
2024-02-11T01:00:00,40.07,230.13,62.85,200.16,328.1961,575.19,59.93,986,64.08,1
2024-02-11T02:00:00,42.2,233.98,63.85,197.58,331.8507,578.29,58.29,987,66.67,1
2024-02-11T03:00:00,41.7,229.88,64.11,200.63,335.3991,579.54,60.39,988,67.4,1
2024-02-11T04:00:00,40.82,233.97,62.64,197.62,339.621,583.48,59.91,989,70.49,1
2024-02-11T05:00:00,41.02,236.66,66.89,199.46,343.2256,586.18,61.61,990,73.28,1
2024-02-11T06:00:00,41.17,241.14,65.82,199.69,348.1149,589.71,59.06,991,76.81,1
2024-02-11T07:00:00,39.37,238.51,64.72,199.53,353.2456,597.65,58.19,992,77.55,1
2024-02-11T08:00:00,40.8,245.9,64.09,199.11,356.9441,594.13,60.62,993,82.46,1
2024-02-11T09:00:00,40.45,245.26,63.75,201.12,361.8091,597.29,60.35,994,83.43,1
2024-02-11T10:00:00,40.2,247.0,62.86,198.84,365.6476,600.97,58.99,995,82.6,1
2024-02-11T11:00:00,40.78,248.96,64.09,198.64,370.1186,620.77,58.47,996,87.97,1
2024-02-11T12:00:00,42.44,250.74,64.31,203.91,374.9622,617.19,61.54,997,85.49,1
2024-02-11T13:00:00,41.51,255.14,62.51,203.25,378.841,620.12,61.41,998,83.41,1
2024-02-11T14:00:00,40.54,254.16,64.4,202.31,383.186,617.41,57.51,999,86.14,1
2024-02-11T15:00:00,41.46,258.5,63.81,205.88,388.2985,629.96,59.54,1000,85.19,1
